latitude,longitude,landslide,elevation,slope,annual_rainfall,soil_clay,soil_sand,soil_ph,aspect,event_date,rainfall_24h,rainfall_3day,rainfall_7day
27.25638429,88.13612339,1,1591.0,4.4825666938201,5811.6,18.6,30.9,5.3,4.65581170564036,2007-08-02,53.7,123.3,317.3
27.2644,88.1365,1,1278.0,3.5357200721404385,5811.6,16.7,32.5,5.3,32.14124087925563,2009-08-19,34.8,151.4,346.20000000000005
27.13798514,88.15516991,1,1234.0,1.2982753857993423,7734.8,22.3,33.7,5.4,45.09556774593102,2009-08-20,111.4,163.60000000000002,369.7000000000001
27.34711035,88.17392386,1,2032.0,2.0690757628916097,4140.26,13.2,45.0,5.2,19.998010948482204,2011-06-23,19.6,48.5,160.6
27.34711035,88.17392386,1,2032.0,2.0690757628916097,4140.26,13.2,45.0,5.2,19.998010948482204,2011-06-23,19.6,48.5,160.6
27.34711035,88.17392386,1,2032.0,2.0690757628916097,4140.26,13.2,45.0,5.2,19.998010948482204,2011-06-23,19.6,48.5,160.6
27.34883031,88.18678352,1,1791.0,4.060824138748565,4140.26,13.0,46.8,5.2,20.42236057012656,2016-07-30,25.8,70.8,349.6
27.13862165,88.22551799,1,843.0,3.2260140851159727,4153.26,18.8,34.8,5.2,195.6259769779172,2011-08-23,32.8,72.3,437.8
27.28329478,88.23595536,1,1318.0,6.608795579368408,5811.6,17.1,34.1,5.4,89.01878217294188,2011-06-23,19.6,48.5,160.6
27.28329478,88.23595536,1,1318.0,6.608795579368408,5811.6,17.1,34.1,5.4,89.01878217294188,2011-06-23,19.6,48.5,160.6
27.3425,88.2426,1,1382.0,7.931464854472404,3268.68,19.1,34.9,5.2,103.61842471685968,2013-09-01,35.4,54.1,126.4
27.2879,88.2579,1,1518.0,6.71363568560225,3268.68,19.1,33.2,5.4,84.7819833147887,2011-06-23,19.6,48.5,160.6
27.2872,88.2816,1,574.0,4.036694283341001,3654.7,19.2,37.5,5.4,356.41760811962246,2007-09-18,3.0,19.1,45.800000000000004
27.2676,88.2891,1,573.0,0.7662474936668433,3654.7,19.7,32.4,5.2,335.75641379707787,2016-10-12,121.6,142.5,194.8
27.1667,88.35,1,1162.0,1.1646953254133432,4040.900000000001,16.7,33.6,5.2,201.7364419316961,2007-09-09,25.2,319.59999999999997,573.3000000000001
27.16551929,88.36456702,1,1444.0,5.202214920691665,4040.900000000001,19.8,33.3,5.4,70.5035633001578,2004-09-02,16.1,72.4,141.29999999999998
27.1675,88.3651,1,1551.0,5.0804665357104,4040.900000000001,19.6,34.9,5.4,70.98221953612284,2012-09-16,70.3,228.7,355.00000000000006
27.167,88.3652,1,1516.0,5.119720432275355,4040.900000000001,19.8,33.3,5.4,70.7905014537472,2010-08-20,34.6,93.1,291.1
27.1695,88.3664,1,1576.0,5.0417122047594845,4040.900000000001,20.1,35.1,5.3,71.67217996022481,2016-10-15,2.1,136.2,257.2
27.1499,88.38,1,1099.0,5.2771174295673084,3733.16,19.7,35.0,5.3,72.52081488986994,2007-07-16,17.3,43.3,288.3
27.28709076,88.38035955,1,1392.0,5.422580600051496,3564.26,18.7,31.4,5.2,150.48440410796297,2012-09-01,53.5,98.7,194.2
27.28709076,88.38035955,1,1392.0,5.422580600051496,3564.26,18.7,31.4,5.2,150.48440410796297,2012-09-01,53.5,98.7,194.2
27.4885,88.4451,1,1907.0,6.177165963863215,7012.92,11.2,41.1,5.2,30.72914547836428,2011-06-17,66.3,96.6,123.7
27.1344,88.4575,1,627.0,2.648653691120113,3733.16,21.9,38.3,5.1,85.1587762698432,2009-08-20,43.3,96.2,504.6
27.1141,88.4658,1,263.0,3.120589362197724,3382.0199999999995,18.8,35.7,5.2,130.7070181022861,2011-07-20,45.9,193.5,395.8
27.57153591,88.47287208,1,2222.0,7.879112634827708,4805.8,11.2,46.4,5.3,25.36647811563165,2013-04-14,0.5,5.0,41.8
27.201,88.4883,1,379.0,0.9618553628306248,3318.34,19.5,36.3,5.2,104.53079266684404,2007-09-07,121.0,246.8,347.6
27.2084,88.4909,1,350.0,0.530890620775913,3318.34,19.0,38.0,5.3,60.909166161341375,2007-09-11,7.7,70.5,423.3
27.593,88.492,1,3257.0,4.61479865689701,3236.0,13.0,50.0,5.7,31.462144570609382,2016-08-16,18.3,48.5,120.2
27.2319,88.497,1,385.0,1.302381733208645,5379.460000000001,21.2,40.7,5.2,312.4325203748282,2010-08-26,9.8,152.20000000000002,340.8
27.54043014,88.49888236,1,1235.0,7.718345342900587,7012.92,20.9,33.7,5.4,25.083361671913792,2018-09-15,36.7,220.9,617.0000000000001
27.45377772,88.52426486,1,1025.0,1.5975126637928303,8229.2,23.6,35.7,5.1,304.4747308675626,2018-09-14,116.1,372.2000000000001,815.3000000000001
27.40133744,88.52441984,1,657.0,5.848476402173255,7589.860000000001,22.3,32.6,5.2,278.11881353985444,2005-09-25,34.9,64.4,127.5
27.74367525,88.52635367,1,4071.0,18.870570819532624,2477.66,14.7,51.7,5.9,65.8508475338258,2006-02-14,0.3,0.8,1.2
27.74367525,88.52635367,1,4071.0,18.870570819532624,2477.66,14.7,51.7,5.9,65.8508475338258,2006-02-14,0.3,0.8,1.2
27.74367525,88.52635367,1,4071.0,18.870570819532624,2477.66,14.7,51.7,5.9,65.8508475338258,2006-02-14,0.3,0.8,1.2
27.74367525,88.52635367,1,4071.0,18.870570819532624,2477.66,14.7,51.7,5.9,65.8508475338258,2006-02-14,0.3,0.8,1.2
27.74367525,88.52635367,1,4071.0,18.870570819532624,2477.66,14.7,51.7,5.9,65.8508475338258,2006-02-14,0.3,0.8,1.2
27.74367525,88.52635367,1,4071.0,18.870570819532624,2477.66,14.7,51.7,5.9,65.8508475338258,2006-02-14,0.3,0.8,1.2
27.74367525,88.52635367,1,4071.0,18.870570819532624,2477.66,14.7,51.7,5.9,65.8508475338258,2006-02-14,0.3,0.8,1.2
27.478,88.527,1,771.0,2.0682644989902648,8229.2,22.6,33.5,5.1,312.52821512409514,2009-07-01,34.5,101.7,229.7
27.1761,88.5287,1,314.0,1.522474580105779,3318.34,21.2,38.2,5.5,177.1889745197475,2009-08-20,43.3,96.2,504.6
27.172,88.5292,1,301.0,1.6015167172797575,3318.34,21.2,38.3,5.5,178.4363507637379,2016-10-15,0.0,49.0,226.4
27.1758,88.5294,1,306.0,1.53396054243738,3318.34,21.2,38.2,5.5,177.63882818711227,2016-01-14,0.0,0.5,11.4
27.49532869,88.5364844,1,1248.0,1.165930811564967,8229.2,20.6,35.3,5.2,257.9202410340692,2018-09-14,116.1,372.2000000000001,815.3000000000001
27.8385,88.556,1,3832.0,4.121487084139968,2366.2,11.9,55.5,6.0,281.3924201945001,2012-09-19,21.4,67.19999999999999,169.79999999999998
27.71646253,88.55668313,1,2702.0,18.870323610105928,2435.4800000000005,11.6,44.2,5.6,65.84857908500595,2018-09-14,19.4,81.4,206.1
27.5161,88.5575,1,1325.0,2.0960195438524054,8229.2,20.6,31.2,5.1,269.5941047485847,2011-09-30,0.4,6.6000000000000005,66.4
27.7167,88.5577,1,2674.0,18.8703007879316,2435.4800000000005,12.2,43.6,5.6,65.84852439968688,2012-06-03,12.1,39.1,102.2
27.3773,88.559,1,1437.0,7.948014103232262,5098.42,20.2,30.7,5.2,282.8542712896475,2010-07-21,53.9,126.69999999999999,301.2
27.26265369,88.56249089,1,705.0,4.001081994284641,3887.08,21.9,36.0,5.4,315.126224546689,2007-05-15,19.1,32.5,65.9
27.26265369,88.56249089,1,705.0,4.001081994284641,3887.08,21.9,36.0,5.4,315.126224546689,2007-05-15,19.1,32.5,65.9
27.23279809,88.59292517,1,1313.0,3.887418584839029,3887.08,20.4,34.9,5.4,310.56753557349293,2018-05-26,25.5,124.6,181.9
27.65532317,88.59440471,1,2137.0,9.257006558612389,2675.6800000000003,11.8,46.3,5.3,330.665384542732,2012-09-19,28.5,87.30000000000001,262.20000000000005
27.54295099,88.59676956,1,1712.0,3.545859645035689,4011.08,15.3,40.4,5.2,233.02752218303985,2017-05-26,,,
27.6558,88.605,1,1950.0,8.867561974182557,2675.6800000000003,11.6,42.4,5.4,332.2904461587827,2012-09-19,28.5,87.30000000000001,262.20000000000005
27.3121393,88.60539059,1,1525.0,14.13601229116801,4754.3,23.0,34.0,5.2,268.42592190733694,2015-08-21,27.1,103.0,312.6
27.339,88.6065,1,1487.0,18.83091348633182,4754.3,15.4,32.5,5.5,282.8564960934642,2012-06-14,20.3,43.6,87.7
27.3383,88.6069,1,1517.0,18.989879783660427,4754.3,15.4,32.5,5.5,282.75681896602384,2007-05-23,15.8,34.400000000000006,58.900000000000006
27.3341,88.6083,1,1418.0,18.769867783424075,4754.3,19.6,33.3,5.2,269.3411353819438,2010-04-17,4.7,8.4,25.3
27.322,88.6087,1,1477.0,19.841202613103608,4754.3,21.1,31.0,5.4,266.3484351072631,2010-04-17,4.7,8.4,25.3
27.337,88.609,1,1535.0,18.75553854550332,5098.42,15.5,32.4,5.6,282.8685129298437,2008-08-28,76.1,198.3,386.80000000000007
27.1954,88.6115,1,487.0,4.053341790685637,3180.14,23.3,38.5,5.4,293.5033235774208,2009-09-17,11.8,24.8,125.9
27.3313961,88.6138098,1,1635.0,20.256075060053632,5098.42,19.5,29.9,5.6,267.5891325545106,2018-09-15,61.4,205.4,556.3
27.3392,88.6188,1,1892.0,18.855347079833912,5098.42,13.2,36.9,5.3,282.86282016723544,2010-08-27,28.9,72.19999999999999,393.1
27.4459,88.6193,1,1984.0,6.457788089185391,4975.52,12.7,45.0,5.3,275.20001296164287,2007-04-11,5.0,21.0,93.7
27.3425,88.6236,1,2102.0,9.703420063022984,3298.3,15.4,33.9,5.2,280.5519970969655,2007-09-10,26.5,165.1,441.8
27.54255403,88.62957834,1,1290.0,5.00595298554497,4975.52,20.1,35.2,5.3,242.7283963127183,2018-09-17,0.0,53.8,271.6
27.7565,88.632,1,3893.0,24.34599448994216,1929.78,12.2,51.4,6.4,0.7497216496901729,2012-06-07,1.5,6.4,23.600000000000005
27.7344,88.633,1,3541.0,10.36260026289676,1865.76,12.4,52.3,6.0,9.092103173296437,2011-08-25,8.7,26.1,47.7
27.3543,88.6428,1,2126.0,10.15198382074736,3298.3,11.5,45.1,5.3,270.42598140666814,2010-05-31,3.5,15.8,62.7
27.60500338,88.64494692,1,1639.0,2.7571730603616023,4011.08,13.2,42.6,5.4,16.919017961756026,2011-09-18,37.8,78.6,112.89999999999999
27.1748,88.6458,1,930.0,4.855834235302117,3180.14,24.2,36.1,5.0,301.16348495442827,2012-06-07,3.5,6.8,64.4
27.6047,88.6463,1,1634.0,2.7519187565791494,4011.08,13.2,42.6,5.4,16.66947718813924,2013-09-08,4.2,34.8,210.9
27.5509,88.6475,1,1486.0,4.941532077342424,4975.52,16.7,38.1,5.4,246.28724940526612,2010-07-21,53.9,126.69999999999999,301.2
27.360364,88.651914,1,2284.0,10.555163316122648,3298.3,13.5,46.3,5.2,272.89580546495824,2017-07-10,,,
27.6163,88.6586,1,1875.0,4.746606224280437,4011.08,11.8,48.5,5.4,2.082299605845094,2015-05-24,13.6,79.6,183.4
27.29288558,88.67133018,1,2008.0,4.256162483652788,3298.3,16.5,38.9,5.2,223.19945202622745,2007-04-20,3.4,11.1,30.4
27.29288558,88.67133018,1,2008.0,4.256162483652788,3298.3,16.5,38.9,5.2,223.19945202622745,2007-04-20,3.4,11.1,30.4
27.29288574,88.67133148,1,2008.0,4.267821047913784,3298.3,16.5,38.9,5.2,223.1984491892772,2007-04-20,3.4,11.1,30.4
27.29288574,88.67133148,1,2008.0,4.267821047913784,3298.3,16.5,38.9,5.2,223.1984491892772,2007-04-20,3.4,11.1,30.4
27.29288574,88.67133148,1,2008.0,4.267821047913784,3298.3,16.5,38.9,5.2,223.1984491892772,2007-04-20,3.4,11.1,30.4
27.29288574,88.67133148,1,2008.0,4.267821047913784,3298.3,16.5,38.9,5.2,223.1984491892772,2007-04-20,3.4,11.1,30.4
27.3721,88.708,1,3172.0,7.797433041013571,2950.38,21.6,35.2,5.3,304.4157493664999,2013-06-08,16.4,49.2,93.29999999999998
27.3736,88.7323,1,3454.0,7.574348412935294,3189.72,16.0,40.6,6.0,306.27045906323144,2013-09-07,1.4,35.9,153.10000000000002
27.3702,88.7334,1,3520.0,7.548688978074852,3300.82,16.0,41.1,6.0,306.26907063660656,2010-09-04,16.7,44.9,128.79999999999998
27.26801207,88.73536786,1,2431.0,19.491875310760296,3514.42,15.8,29.8,5.3,257.960957799854,2012-06-07,2.5,6.1,51.20000000000001
27.3765,88.7628,1,3764.0,7.676435061268486,3300.82,14.1,44.0,6.8,307.92750523131207,2013-06-27,24.4,83.6,192.5
27.3746,88.7648,1,3751.0,7.696643995125909,3300.82,13.2,43.1,6.8,307.9785296818563,2009-08-26,12.4,57.1,158.2
27.38262049,88.82457049,1,4240.0,8.165672028869768,3109.7,14.2,49.1,6.4,306.3612324385389,2011-09-18,21.3,57.7,94.99999999999999
25.7238,89.9032,1,30.0,0.8593550480249766,2567.74,20.1,39.3,5.4,271.7928766627608,2014-09-23,7.1,64.5,105.6
25.58141942,90.02361125,1,76.0,1.735316329302098,2374.02,21.4,34.2,5.3,293.8354488047757,2011-08-17,19.9,76.9,92.4
26.10159837,90.02789028,1,29.0,0.025282353291434,3418.0799999999995,21.9,43.1,5.4,22.89131685674237,2010-04-18,82.9,195.1,305.8
25.5006,90.0896,1,48.0,2.2081661664917465,2125.0600000000004,19.9,36.8,5.4,316.25203143590534,2014-10-20,0.2,0.5,11.400000000000002
25.60191043,90.18028324,1,465.0,8.748843295009195,2185.6,23.7,39.2,4.9,296.2178638033717,2007-07-27,59.4,173.5,247.4
25.60191043,90.18028324,1,465.0,8.748843295009195,2185.6,23.7,39.2,4.9,296.2178638033717,2007-07-27,59.4,173.5,247.4
25.60191043,90.18028324,1,465.0,8.748843295009195,2185.6,23.7,39.2,4.9,296.2178638033717,2007-07-27,59.4,173.5,247.4
25.60191043,90.18028324,1,465.0,8.748843295009195,2185.6,23.7,39.2,4.9,296.2178638033717,2007-07-27,59.4,173.5,247.4
25.5145,90.2023,1,279.0,3.238245689466201,1999.5,22.7,43.9,5.2,299.8053131336504,2015-08-18,50.3,87.1,132.1
25.5114,90.215,1,305.0,3.3288023285448047,1999.5,0.0,0.0,5.0,298.7859715558764,2015-06-16,24.4,57.199999999999996,299.3
25.5144,90.2167,1,327.0,3.348799441332001,1999.5,0.0,0.0,5.0,298.8234324731572,2011-08-16,66.9,88.30000000000001,180.5
25.5084,90.2191,1,300.0,3.405801528445456,1999.5,21.6,38.5,5.0,297.9655387763261,2015-06-16,24.4,57.199999999999996,299.3
25.5212,90.232,1,583.0,2.279321126631057,2202.1400000000003,19.2,41.9,4.9,311.1629577286902,2007-07-27,59.4,173.5,247.4
25.7354,90.3852,1,334.0,0.4228511247811331,2277.26,24.9,37.3,4.6,139.24684393444377,2014-09-21,10.1,54.7,84.8
25.64396423,90.38957904,1,534.0,0.8571379414706721,1941.04,22.4,38.7,5.1,177.58359722223577,2011-08-15,4.0,28.6,128.6
25.64396423,90.38957904,1,534.0,0.8571379414706721,1941.04,22.4,38.7,5.1,177.58359722223577,2011-08-15,4.0,28.6,128.6
25.88308605,90.55385859,1,338.0,0.5632326573069178,2640.1,23.0,39.4,4.7,183.0642088590841,2014-09-20,15.2,51.8,73.3
25.2193,90.5549,1,249.0,0.2783965468179841,2882.5800000000004,28.8,38.2,5.1,41.676790924177,2015-08-19,58.0,140.8,198.2
25.203,90.5573,1,128.0,0.275549559079064,2882.5800000000004,25.6,40.1,5.3,69.65409343191749,2016-07-19,16.6,97.0,168.9
25.8143,90.5763,1,63.0,0.4455134694574961,2342.6,25.4,43.9,5.2,165.12631282175005,2014-09-24,4.7,96.5,155.29999999999998
25.68028352,90.67465464,1,325.0,0.4591487183131506,1908.32,26.4,40.5,5.1,251.6741317830005,2004-10-09,1.1,218.9,325.20000000000005
25.68028352,90.67465464,1,325.0,0.4591487183131506,1908.32,26.4,40.5,5.1,251.6741317830005,2004-10-09,1.1,218.9,325.20000000000005
26.35882707,90.8697066,1,43.0,0.0173422485137255,3705.66,20.4,40.8,5.4,350.4652828337639,2013-04-16,44.5,63.8,71.7
25.8833,91.2,1,247.0,1.496972601380809,2406.0,20.8,39.0,5.2,196.64841040692733,2010-06-09,34.9,54.1,173.60000000000002
26.3333,91.25,1,42.0,0.0088899646319834,3349.3600000000006,18.3,35.8,5.2,329.15010514572225,2008-10-29,0.0,63.2,69.7
25.4916,91.2698,1,1490.0,1.5016924865090888,2326.06,27.9,32.3,5.3,332.24146959593315,2010-06-28,95.7,273.6,380.1
25.52,91.27,1,1340.0,1.4465724197148102,2326.06,28.7,36.2,5.4,333.2223603780207,2007-09-11,7.9,52.0,385.19999999999993
25.53572746,91.2783037,1,1417.0,1.0898435741419912,1880.38,30.5,34.1,5.0,195.1230698828082,2008-10-28,1.6,162.4,171.79999999999998
25.53572746,91.2783037,1,1417.0,1.0898435741419912,1880.38,30.5,34.1,5.0,195.1230698828082,2008-10-28,1.6,162.4,171.79999999999998
25.53693417,91.27888218,1,1423.0,1.088972060946994,1880.38,30.5,34.1,5.0,195.2907323565136,2015-06-17,13.0,74.0,295.8
25.9611,91.3681,1,187.0,1.184255017220906,2382.62,21.2,40.9,5.2,198.2336995899113,2016-07-07,27.2,171.89999999999998,412.3
23.87643891,91.39718144,1,41.0,0.0283502468805152,1766.2400000000002,26.8,29.1,5.4,315.64081965067146,2013-05-08,57.9,174.7,356.79999999999995
24.0896,91.4663,1,107.0,0.2210873401164965,1862.1,21.7,38.5,5.2,246.1768567615708,2013-05-08,57.9,174.7,356.79999999999995
24.02515388,91.49747518,1,130.0,0.1977078969173772,1792.7800000000002,19.9,37.8,5.2,255.0573378449401,2018-05-18,24.6,81.80000000000001,104.5
23.79260297,91.53090192,1,131.0,0.1055955678326123,1652.9,21.3,36.3,5.3,280.90423305127183,2018-05-20,31.8,81.4,159.4
26.24920274,91.55004989,1,49.0,0.4374904073454883,2782.9,17.8,35.9,5.4,281.01172716627684,2011-02-18,0.0,6.6000000000000005,6.800000000000001
23.19818874,91.58174838,1,46.0,0.0917512607023185,1839.0,19.6,35.4,5.2,305.25665152328577,2014-08-14,10.2,28.4,51.2
23.71701896,91.61577214,1,79.0,0.1445685978651398,1719.5,20.3,32.6,5.4,304.7047541206671,2018-05-20,31.8,89.39999999999999,166.10000000000002
26.1468,91.6469,1,52.0,2.371835227355522,2380.12,0.0,0.0,5.4,281.1162820274468,2015-02-14,0.3,0.7,0.8
26.18654344,91.67187135,1,55.0,0.4464984480720591,2481.92,19.5,35.2,5.4,253.49605274455809,2015-09-01,35.3,132.0,241.0
26.1868,91.6739,1,50.0,0.4122209510564752,2481.92,19.3,35.2,5.5,265.8611282685274,2015-09-01,35.3,132.0,241.0
26.1001,91.6849,1,84.0,2.048371512216116,2380.12,18.9,37.0,5.4,40.77399267608399,2014-09-22,37.1,140.79999999999998,171.79999999999998
26.1016,91.6906,1,109.0,1.7901128461045557,2380.12,19.2,36.9,5.2,25.47685575874777,2013-05-11,29.0,39.2,73.1
26.1666,91.7042,1,231.0,4.147765958816466,2481.92,0.0,0.0,5.2,107.25231432775809,2015-09-23,30.3,76.6,180.10000000000002
26.1665,91.7049,1,231.0,4.073387261312124,2481.92,0.0,0.0,5.2,107.19064054266858,2013-10-06,24.5,47.5,65.6
26.1295,91.7056,1,130.0,2.964230976464844,2380.12,19.6,36.9,5.3,57.13123090037704,2014-09-22,55.8,142.1,178.3
26.1044,91.7082,1,55.0,0.7754193753834615,2380.12,20.0,35.9,5.4,314.5886838910336,2014-09-22,37.1,140.79999999999998,171.79999999999998
26.13088435,91.71073619,1,141.0,2.611725790311737,2380.12,18.5,37.1,5.4,63.568861241137824,2004-10-08,86.8,201.4,228.7
26.13088435,91.71073619,1,141.0,2.611725790311737,2380.12,18.5,37.1,5.4,63.568861241137824,2004-10-08,86.8,201.4,228.7
26.13088435,91.71073619,1,141.0,2.611725790311737,2380.12,18.5,37.1,5.4,63.568861241137824,2004-10-08,86.8,201.4,228.7
26.10481582,91.7127005,1,50.0,0.8163612800784421,2380.12,19.6,35.9,5.4,306.5583954936642,2007-07-13,1.1,22.1,113.5
26.1662,91.7138,1,165.0,4.217862271415607,2380.12,24.1,32.4,5.2,107.60859673802996,2013-05-11,21.7,51.6,75.6
26.1226,91.7162,1,122.0,1.0876525266414294,2380.12,0.0,0.0,5.4,330.7974057080385,2012-06-22,53.8,185.9,242.1
25.48467876,91.71704473,1,1843.0,3.5503796207549034,2063.0,30.4,31.0,5.2,40.538862517743325,2014-08-15,91.7,337.5,447.7
23.0137,91.7174,1,21.0,0.1616198782214142,1972.12,18.9,30.1,5.1,279.1681554788458,2014-08-14,11.2,37.8,83.30000000000001
26.49349035,91.72137514,1,62.0,0.0311789060997757,3162.4800000000005,17.6,33.4,5.3,319.8557352359028,2015-09-01,12.3,88.7,160.89999999999998
26.16175948,91.72188533,1,92.0,4.280335899321184,2481.92,21.3,34.4,5.4,107.79514185165432,2004-07-15,30.6,45.0,214.1
26.16175948,91.72188533,1,92.0,4.280335899321184,2481.92,21.3,34.4,5.4,107.79514185165432,2004-07-15,30.6,45.0,214.1
26.16833375,91.72831667,1,55.0,5.0330925454483255,2544.68,0.0,0.0,5.4,108.3581504405762,2004-07-15,30.6,45.0,214.1
26.16833375,91.72831667,1,55.0,5.0330925454483255,2544.68,0.0,0.0,5.4,108.3581504405762,2004-07-15,30.6,45.0,214.1
26.149,91.7351,1,52.0,2.1622869289911164,2406.96,0.0,0.0,5.4,130.9282693336953,2012-06-20,46.1,90.4,151.5
26.1548,91.7351,1,55.0,4.0381947016006,2544.68,0.0,0.0,5.4,120.25475425402374,2011-09-23,12.4,69.4,130.20000000000002
26.1475,91.7356,1,52.0,2.255647590259574,2406.96,0.0,0.0,5.4,130.96175066719724,2012-06-02,19.2,60.8,95.0
26.1049,91.7369,1,164.0,1.1213167255155467,2406.96,20.6,36.4,5.4,14.371936503343136,2012-06-25,36.9,168.4,380.5999999999999
23.74450253,91.74176515,1,206.0,0.3373848238505186,1686.4599999999998,24.5,37.0,5.3,6.505055805098664,2008-07-15,1.6,28.4,47.1
26.13041734,91.74561624,1,119.0,0.8501011901880032,2406.96,0.0,0.0,5.4,154.14640618345277,2012-06-25,32.3,175.3,410.7
27.53354595,91.74722733,1,1653.0,5.009352311303125,1569.94,23.1,34.1,5.8,350.88553435796183,2016-04-23,25.2,82.0,126.3
26.10899001,91.74722978,1,59.0,0.4037566012557029,2406.96,0.0,0.0,5.4,60.03407956020459,2012-06-22,53.8,185.9,242.1
27.5523,91.752,1,2428.0,6.50613818723656,1775.2,28.6,20.7,5.3,350.04772513594435,2016-04-22,29.2,78.9,105.9
26.1314,91.7548,1,81.0,0.1551688300288449,2406.96,21.3,32.6,5.4,128.01323360494376,2014-09-22,55.8,142.1,178.3
26.13146397,91.75782228,1,77.0,0.1700694925710635,2406.96,0.0,0.0,5.4,126.5332514506348,2014-09-23,16.5,100.0,185.1
23.8986,91.7599,1,212.0,0.2708634240432298,1699.9599999999998,19.7,38.5,5.3,200.28909909746807,2010-06-03,6.2,14.2,117.2
26.1771,91.7599,1,66.0,1.8549461862744192,2544.68,0.0,0.0,5.5,288.719850500192,2013-05-11,21.7,51.6,75.6
26.1965,91.763,1,81.0,1.89788575457552,2544.68,0.0,0.0,5.5,311.15429257496794,2010-04-20,50.4,105.5,182.6
26.1407,91.7645,1,61.0,0.7473864228461086,2406.96,0.0,0.0,5.4,190.1937699575928,2014-06-26,27.8,36.6,216.0
26.1964,91.7652,1,78.0,1.8775772867176983,2544.68,0.0,0.0,5.5,314.01057250377727,2014-06-28,4.5,39.4,114.6
26.19685781,91.7657731,1,88.0,1.9015506238865207,2544.68,0.0,0.0,5.5,311.385120469971,2011-03-23,0.0,6.0,64.2
26.1978,91.7665,1,92.0,1.9073468598132373,2544.68,20.4,35.6,5.5,311.5056648732117,2010-04-20,50.4,105.5,182.6
25.19235702,91.76761733,1,57.0,3.2063937883265683,4298.12,23.3,45.5,5.2,352.29011424536,2017-06-17,62.0,153.8,378.9
26.16343122,91.76898556,1,53.0,1.3242051971896929,2544.68,0.0,0.0,5.3,284.5160262779145,2014-06-26,27.8,36.6,216.0
26.1619,91.7697,1,55.0,0.897044809936273,2544.68,0.0,0.0,5.3,308.3455206109524,2014-06-27,7.1,38.6,168.39999999999998
26.1768,91.7702,1,127.0,0.7025737521446517,2544.68,0.0,0.0,5.5,6.330915778410429,2016-07-14,10.0,34.4,134.6
26.181606,91.772042,1,55.0,0.1139021268971394,2544.68,0.0,0.0,5.5,132.96648799921485,2016-12-15,0.0,0.0,0.0
26.19037705,91.77306002,1,131.0,2.114217005638876,2544.68,0.0,0.0,5.5,318.10399147117664,2017-07-10,,,
26.11117064,91.77318437,1,59.0,0.7621409725322698,2406.96,0.0,0.0,5.4,120.49114510478256,2014-09-23,37.9,104.6,207.4
26.19043105,91.77439654,1,93.0,1.8950448687868195,2544.68,0.0,0.0,5.5,310.12265952794814,2016-07-20,19.0,48.3,153.0
26.1097,91.7747,1,60.0,0.7633189824057119,2406.96,0.0,0.0,5.4,120.7771277814607,2014-09-22,37.1,140.79999999999998,171.79999999999998
26.1961,91.7825,1,142.0,1.3079718164945,2544.68,0.0,0.0,5.5,354.5255017554101,2016-06-22,11.7,18.7,127.7
26.19531698,91.7837856,1,110.0,1.375330668808181,2544.68,0.0,0.0,5.4,14.224087595201524,2016-06-22,11.7,18.7,127.7
26.1844,91.7896,1,64.0,2.395752503565647,2544.68,0.0,0.0,5.3,6.983873255856565,2014-06-26,27.8,36.6,216.0
26.19758217,91.79057805,1,121.0,2.2767740642208394,2544.68,0.0,0.0,5.4,349.7113989225884,2007-07-19,12.5,38.7,162.79999999999998
26.18555493,91.79233591,1,72.0,0.7196392228967112,2544.68,0.0,0.0,5.4,110.36845556345776,2004-10-08,86.8,201.4,228.7
26.14547804,91.79364785,1,73.0,0.4099226326059797,2406.96,0.0,0.0,5.3,342.7459740358099,2017-07-10,,,
26.15146273,91.79753177,1,63.0,0.3668524845225906,2544.68,0.0,0.0,5.3,274.227225136853,2014-09-22,55.8,142.1,178.3
26.1699,91.7986,1,151.0,0.4399582863095498,2544.68,21.4,30.8,5.3,62.74824916145178,2007-07-19,12.5,38.7,162.79999999999998
25.43807422,91.79904872,1,1869.0,5.070661971600731,2063.0,24.8,32.4,5.2,335.9504901510336,2017-06-17,41.4,102.1,263.8
26.1985,91.7998,1,92.0,2.986145522702654,2544.68,18.7,36.6,5.4,348.9723988167021,2014-09-22,55.8,142.1,178.3
26.1833,91.8,1,67.0,1.856858344949988,2544.68,0.0,0.0,5.4,261.5987500321136,2007-09-13,6.7,11.9,120.1
25.38408191,91.80099094,1,1389.0,5.070662281592043,3209.24,27.3,27.6,5.0,335.95048666269224,2004-10-09,2.3,255.50000000000003,381.4
25.38408191,91.80099094,1,1389.0,5.070662281592043,3209.24,27.3,27.6,5.0,335.95048666269224,2004-10-09,2.3,255.50000000000003,381.4
25.38408191,91.80099094,1,1389.0,5.070662281592043,3209.24,27.3,27.6,5.0,335.95048666269224,2004-10-09,2.3,255.50000000000003,381.4
25.38408191,91.80099094,1,1389.0,5.070662281592043,3209.24,27.3,27.6,5.0,335.95048666269224,2004-10-09,2.3,255.50000000000003,381.4
25.38408191,91.80099094,1,1389.0,5.070662281592043,3209.24,27.3,27.6,5.0,335.95048666269224,2004-10-09,2.3,255.50000000000003,381.4
25.38408191,91.80099094,1,1389.0,5.070662281592043,3209.24,27.3,27.6,5.0,335.95048666269224,2004-10-09,2.3,255.50000000000003,381.4
25.38408191,91.80099094,1,1389.0,5.070662281592043,3209.24,27.3,27.6,5.0,335.95048666269224,2004-10-09,2.3,255.50000000000003,381.4
26.1966,91.802,1,107.0,2.4109455152061976,2544.68,18.6,36.4,5.4,337.9766721022055,2016-07-20,19.0,48.3,153.0
26.10973183,91.80317334,1,65.0,0.1684603124582973,2406.96,0.0,0.0,5.4,276.6883965522819,2017-07-06,,,
26.1963,91.8074,1,196.0,1.5577702495728476,2544.68,19.5,35.3,5.3,359.234091353803,2016-07-14,10.0,34.4,134.6
26.191688,91.810079,1,106.0,2.2589771098269984,2544.68,0.0,0.0,5.3,331.0915945477668,2016-12-15,0.0,0.0,0.0
26.10993404,91.81498746,1,69.0,0.996440640261162,2406.96,24.2,34.2,5.4,221.07243427154967,2016-07-07,16.8,65.1,248.00000000000003
26.159,91.8178,1,68.0,0.3799694134788695,2544.68,22.0,33.2,5.5,344.15473448039194,2014-09-22,55.8,142.1,178.3
24.19467451,91.82931979,1,32.0,0.2161303562113946,1878.84,20.7,34.5,5.4,211.28206071617305,2017-06-03,7.5,32.4,144.6
26.1324,91.8342,1,71.0,0.9916633999301084,2215.66,0.0,0.0,5.4,247.2465244454144,2014-09-22,55.8,142.1,178.3
26.1309,91.8383,1,96.0,1.2501578234365909,2215.66,0.0,0.0,5.3,245.85770959951844,2013-10-06,24.5,47.5,65.6
25.5576,91.8506,1,1669.0,2.001112774913888,1638.8399999999997,27.7,33.4,5.1,167.02623503215068,2007-08-26,10.0,23.6,55.2
26.1061808,91.85158907,1,200.0,0.8563420762431189,2215.66,19.9,36.6,5.3,189.9299154437284,2017-07-03,,,
26.16066111,91.85294885,1,102.0,0.6739803131429226,2374.8,21.0,32.7,5.3,325.96109276021457,2017-04-05,,,
27.56050601,91.85453807,1,2368.0,7.5816001499899155,1775.2,34.2,29.4,5.6,2.194733804625628,2016-04-21,27.6,54.400000000000006,76.69999999999999
27.5798729,91.85672387,1,2758.0,6.827146143130283,1874.1,22.5,28.1,5.6,7.8698295302841075,2010-11-22,0.0,8.5,19.800000000000004
27.5799,91.8569,1,2758.0,6.827306576394733,1874.1,26.1,28.2,5.7,7.872394449357387,2016-04-22,29.2,78.9,105.9
25.9703,91.8584,1,299.0,1.1766321517959764,2524.94,22.7,38.7,5.2,188.31504849884536,2015-09-06,7.7,53.6,463.9
25.9702,91.8587,1,299.0,1.1769130941160697,2524.94,22.7,38.7,5.2,188.35511168588576,2014-10-05,0.0,0.6,2.3000000000000003
26.10012913,91.85891832,1,214.0,0.6747281404409269,2215.66,21.0,35.0,5.3,190.81683766385729,2004-10-08,48.5,153.4,178.2
23.82994813,91.85896802,1,137.0,0.1863049346456365,1681.72,17.8,34.2,5.3,143.12963193822452,2017-06-03,4.6,19.8,133.7
26.10430759,91.86227824,1,131.0,1.497400209971902,2215.66,18.4,35.7,5.4,160.64920615524693,2017-07-03,,,
26.09935502,91.86381555,1,138.0,1.8723120541720435,2215.66,19.6,35.6,5.4,158.52345902909303,2008-10-05,2.4,32.4,74.9
27.5748,91.8644,1,2695.0,6.880738063642505,1775.2,28.2,24.0,5.8,8.024999285971035,2016-07-28,8.4,42.0,219.4
25.5772,91.8666,1,1469.0,2.4297854835464885,1638.8399999999997,27.7,32.5,5.2,164.0247236800667,2014-09-23,125.6,276.1,365.2000000000001
26.05016048,91.86908128,1,66.0,0.9299831728206694,2239.94,0.0,0.0,5.4,29.53615062383051,2012-07-26,11.9,78.60000000000001,223.0
26.048,91.8695,1,85.0,1.1329540126680275,2239.94,0.0,0.0,5.4,24.23746637738685,2015-09-05,3.5,100.2,465.3
25.82601444,91.87113067,1,633.0,1.205966186249892,1743.08,22.3,42.6,5.0,206.4226593991848,2017-07-09,,,
26.1062,91.8717,1,247.0,2.710630522757401,2215.66,20.2,36.1,5.2,147.8949968159274,2015-07-25,1.3,94.0,302.6
26.20450454,91.87202793,1,118.0,0.3318309837711811,2374.8,19.9,35.1,5.2,165.70345300180816,2017-07-03,,,
26.10035658,91.87351723,1,90.0,1.2068310713212984,2215.66,20.3,35.5,5.5,182.01276225149604,2017-07-03,,,
26.09748244,91.8744337,1,188.0,1.3313851042128593,2215.66,19.7,33.5,5.4,160.54969369025673,2016-07-19,34.5,108.6,208.7
25.82860033,91.876717,1,592.0,1.2049539710563688,1743.08,22.5,43.6,5.0,205.2011791466772,2017-07-06,,,
27.583849,91.876945,1,2746.0,6.826635317895817,1874.1,24.3,25.9,5.8,8.09054414698096,2017-07-11,,,
26.20023757,91.87974492,1,255.0,0.5472170357256005,2374.8,25.7,34.9,5.3,50.2038978065392,2017-07-03,,,
25.38,91.88,1,1283.0,4.57765861357999,3188.7,20.0,35.8,5.0,6.342357249837676,2007-07-26,72.1,203.5,342.70000000000005
26.1028,91.8806,1,151.0,1.215326107049222,2215.66,19.3,34.1,5.5,167.9745528699051,2015-08-22,28.2,134.89999999999998,290.2
25.907233,91.881892,1,577.0,1.3264738523067932,2158.94,22.6,42.6,5.1,168.0589567292884,2017-05-26,,,
25.5728,91.885,1,1496.0,2.4522240420806063,1638.8399999999997,0.0,0.0,5.2,165.14981046162077,2010-06-28,68.2,179.4,320.0
25.87518013,91.88741291,1,601.0,1.108458698649489,2158.94,22.9,40.9,5.1,201.3933394858555,2014-10-06,1.4,1.4,5.6
25.583,91.893,1,1451.0,2.463277664056858,1687.62,0.0,0.0,5.2,165.3768900607903,2015-09-23,50.4,157.3,217.7
23.86469956,91.8949662,1,121.0,0.1842096996380605,1682.5400000000002,19.2,32.3,5.3,143.04084639455817,2017-06-03,3.4,19.1,132.2
25.56728469,91.90642696,1,1530.0,2.5738469362443945,1687.62,0.0,0.0,5.2,161.41956959737638,2019-07-09,9.2,47.3,140.89999999999998
23.82103403,91.91028235,1,161.0,0.1923101259496956,1681.72,19.3,32.3,5.3,128.5720638552283,2012-12-10,0.0,0.0,0.0
27.65571323,91.9183042,1,3564.0,10.338845427452927,1551.88,16.1,49.4,5.6,7.999509707307254,2007-08-08,8.8,15.3,35.3
27.65571323,91.9183042,1,3564.0,10.338845427452927,1551.88,16.1,49.4,5.6,7.999509707307254,2007-08-08,8.8,15.3,35.3
26.22247247,91.92053028,1,70.0,0.3664093759791199,2670.5,18.9,29.7,5.2,111.11793429856846,2017-07-03,,,
25.67836832,91.9234343,1,992.0,2.148450435505993,2832.62,22.4,42.6,5.3,152.79940901698603,2017-06-17,56.6,97.7,246.2
26.22817592,91.92448438,1,49.0,0.23640693519567,2670.5,0.0,0.0,5.2,96.8251191527487,2017-07-03,,,
26.13140438,91.93086808,1,125.0,0.0,2126.84,20.1,34.6,5.3,0.0,2004-07-15,30.9,60.4,243.8
26.13140438,91.93086808,1,125.0,0.0,2126.84,20.1,34.6,5.3,0.0,2004-07-15,30.9,60.4,243.8
26.13140438,91.93086808,1,125.0,0.0,2126.84,20.1,34.6,5.3,0.0,2004-07-15,30.9,60.4,243.8
26.13140438,91.93086808,1,125.0,0.0,2126.84,20.1,34.6,5.3,0.0,2004-07-15,30.9,60.4,243.8
26.13140438,91.93086808,1,125.0,0.0,2126.84,20.1,34.6,5.3,0.0,2004-07-15,30.9,60.4,243.8
26.13140438,91.93086808,1,125.0,0.0,2126.84,20.1,34.6,5.3,0.0,2004-07-15,30.9,60.4,243.8
26.13140438,91.93086808,1,125.0,0.0,2126.84,20.1,34.6,5.3,0.0,2004-07-15,30.9,60.4,243.8
26.13140438,91.93086808,1,125.0,0.0,2126.84,20.1,34.6,5.3,0.0,2004-07-15,30.9,60.4,243.8
26.13140438,91.93086808,1,125.0,0.0,2126.84,20.1,34.6,5.3,0.0,2004-07-15,30.9,60.4,243.8
26.13140438,91.93086808,1,125.0,0.0,2126.84,20.1,34.6,5.3,0.0,2004-07-15,30.9,60.4,243.8
26.13140438,91.93086808,1,125.0,0.0,2126.84,20.1,34.6,5.3,0.0,2004-07-15,30.9,60.4,243.8
26.13140438,91.93086808,1,125.0,0.0,2126.84,20.1,34.6,5.3,0.0,2004-07-15,30.9,60.4,243.8
25.51826286,91.9630294,1,1611.0,2.602412257751217,2279.96,24.7,30.5,5.3,159.2038765649154,2017-02-15,0.0,0.1,2.0
25.51301397,91.97074884,1,1622.0,2.627917503392232,2279.96,24.6,35.3,5.4,159.4268619047192,2017-02-15,0.0,0.1,2.0
27.5754,91.9754,1,2379.0,6.12125040079697,2139.4,20.6,32.0,5.4,2.99329033039902,2016-08-05,6.8,10.7,49.2
25.53663703,91.98082795,1,1625.0,2.459287368457926,1687.62,29.1,29.7,5.4,155.1335392130685,2019-07-09,9.2,47.3,140.89999999999998
25.58822736,92.02269564,1,1246.0,2.506351779186643,1627.9999999999998,25.2,36.7,5.3,160.2308416070956,2019-07-09,7.7,35.8,125.20000000000002
25.5498,92.0757,1,1245.0,2.2873426684368234,1627.9999999999998,22.7,36.9,5.2,155.21793350723703,2012-06-13,12.2,32.599999999999994,83.8
25.26040781,92.20130562,1,629.0,1.9409239845592376,4290.320000000001,21.9,45.0,5.5,353.8546631407804,2009-10-08,52.5,67.9,117.0
25.463,92.2121,1,1372.0,0.9511173771896227,1657.94,25.5,37.1,5.4,346.45719302713485,2015-06-13,40.2,310.59999999999997,420.5
24.42795641,92.23424031,1,33.0,0.0223105446790534,2164.9,22.9,40.6,5.2,164.93893149770622,2006-06-13,13.6,106.9,177.6
23.64717494,92.27524919,1,92.0,0.2920869368331583,1713.28,22.0,32.2,5.2,71.37859339056274,2023-08-16,,,
27.44,92.2833,1,2580.0,3.16327363587128,7059.18,23.2,25.4,5.2,35.75939952125572,2011-08-12,5.0,13.7,62.7
25.3612,92.2845,1,1227.0,1.925623560109257,3473.0800000000004,23.1,36.5,5.5,333.0581904542086,2010-04-21,18.3,139.5,225.6
25.3433,92.2897,1,1204.0,1.850192933005473,3241.0999999999995,21.0,34.9,5.5,336.72270926982264,2010-05-11,37.2,152.0,166.0
24.59448017,92.29672017,1,20.0,0.0714588930351564,2517.92,22.2,45.7,5.2,152.54655873145975,2016-05-18,47.4,93.8,165.9
24.74751503,92.34889194,1,14.0,0.0651892973960883,2887.46,21.9,46.3,5.3,172.5172692148294,2017-06-02,36.2,125.1,222.8
27.4,92.35,1,2628.0,3.5111337303291066,7059.18,28.6,22.9,5.1,48.64212645186251,2008-10-29,0.2,88.4,101.30000000000001
25.0951,92.3567,1,246.0,0.9358793018736826,3833.52,25.1,45.5,4.9,11.710221832490731,2012-06-13,12.8,46.6,147.4
24.8669,92.3576,1,18.0,0.2817060199223997,3266.76,0.0,0.0,5.3,14.112844039207175,2014-05-09,53.9,160.1,224.1
25.0728,92.3636,1,120.0,0.9225706250012632,3694.06,23.5,46.5,5.2,13.030351629513348,2015-08-19,66.6,180.4,312.70000000000005
24.58041329,92.37948378,1,45.0,0.0461823762034352,2337.2200000000003,21.5,43.7,5.2,223.5478170461072,2011-05-04,52.4,79.4,110.5
24.58041329,92.37948378,1,45.0,0.0461823762034352,2337.2200000000003,21.5,43.7,5.2,223.5478170461072,2011-05-04,52.4,79.4,110.5
25.36854569,92.37962345,1,1162.0,1.3735978828915298,3241.0999999999995,19.4,37.3,5.4,2.584415918348782,2015-06-13,32.3,202.60000000000002,300.2
25.1416,92.3807,1,172.0,2.0961456900355744,3833.52,26.0,41.8,4.9,338.4569701206396,2015-08-19,51.9,144.6,229.8
24.6005,92.3814,1,70.0,0.0774047304626578,2337.2200000000003,22.7,45.4,5.0,208.8246424110733,2010-06-03,3.1,19.9,144.89999999999998
25.2568,92.3825,1,802.0,1.9523935119001568,3866.16,26.4,41.3,5.0,348.7662556855018,2015-08-19,51.9,144.6,229.8
24.28898101,92.38885624,1,51.0,0.5264912392289816,1957.34,22.9,40.1,5.2,224.48529670391284,2010-06-03,1.4,10.5,96.90000000000002
27.303999,92.407813,1,2115.0,1.803470879039034,3508.72,28.0,20.3,5.2,121.54221129454707,2017-09-30,33.2,59.2,88.6
25.03190213,92.42257695,1,168.0,0.923827378146189,3937.86,24.7,45.3,5.0,4.524698447326216,2018-04-28,0.4,2.4,28.7
25.0318,92.4584,1,102.0,0.9161097762666188,3937.86,23.3,45.3,5.1,3.758650935676144,2015-03-19,0.0,0.0,0.1
22.90813548,92.47207294,1,178.0,1.380471650810944,2155.4800000000005,21.7,32.1,5.5,287.00507805588245,2017-06-09,12.0,50.3,110.9
24.4638,92.4943,1,90.0,0.6151122034753911,2174.04,21.5,43.1,5.0,157.97682905577346,2016-05-18,31.7,70.4,125.2
27.02574287,92.5064008,1,951.0,4.847936125598421,2635.88,21.0,26.2,5.2,16.252748190754403,2016-07-01,30.9,59.8,121.3
24.5308,92.5121,1,67.0,0.1336749478682989,2219.4,20.9,41.0,5.0,164.7996574518953,2016-05-18,31.7,70.4,125.2
27.43389881,92.51480639,1,1890.0,2.45254983680699,2549.38,26.2,17.6,5.1,16.83098821889689,2008-10-29,0.2,88.4,101.30000000000001
27.43389881,92.51480639,1,1890.0,2.45254983680699,2549.38,26.2,17.6,5.1,16.83098821889689,2008-10-29,0.2,88.4,101.30000000000001
27.06709064,92.51611908,1,1016.0,3.213064013181499,2635.88,24.7,25.5,5.2,16.106111807120385,2015-01-01,0.0,0.0,0.0
23.7705,92.5217,1,69.0,1.212170783114802,1576.2,18.1,29.4,5.4,244.7940708964288,2012-11-11,0.0,0.0,32.300000000000004
24.52848466,92.54040606,1,37.0,0.1506186808773393,2219.4,22.3,40.6,5.1,171.2142684951748,2016-05-18,31.7,70.4,125.2
23.7788134,92.54085299,1,318.0,2.658404999231734,1700.1,17.7,26.0,5.2,214.9832742327148,2012-10-11,36.9,50.1,84.1
24.61185813,92.55046219,1,25.0,0.0442782699672539,2416.32,21.2,41.0,5.1,32.08541153526619,2015-02-19,0.7,0.7,2.6
24.6108,92.562,1,27.0,0.1421409385526633,2460.9,21.1,40.5,5.1,179.2881504970237,2015-02-19,0.7,0.7,2.6
24.49649775,92.58903387,1,25.0,0.18689319345953,2263.6799999999994,22.2,41.0,5.5,156.3949312063207,2016-05-19,9.4,71.8,130.6
23.83291945,92.63125938,1,417.0,2.6634360420069245,1628.98,23.1,25.2,5.4,234.3284049088857,2017-08-26,26.5,56.5,121.3
27.0136,92.6351,1,231.0,2.493141566552943,2476.82,20.3,37.7,5.4,36.87152395076214,2016-07-01,25.6,70.7,104.2
27.01145644,92.64204045,1,213.0,2.483069269643076,2476.82,18.9,33.4,5.2,36.43951868935642,2017-07-01,,,
27.00015991,92.64998326,1,166.0,2.462150611911647,2476.82,19.1,35.4,5.2,36.73478244618264,2016-07-01,25.6,70.7,104.2
24.02940241,92.66984764,1,845.0,0.4756173833778496,1695.62,23.6,28.5,5.2,347.3152103338615,2012-10-11,25.7,48.8,86.8
24.042,92.6724,1,815.0,0.5408678480704687,1695.62,0.0,0.0,5.2,345.1548695171577,2015-08-27,6.8,24.1,49.89999999999999
24.0135808,92.67420963,1,648.0,0.3320403734103144,1695.62,23.3,32.6,5.2,323.4449399762961,2017-04-25,,,
24.2315,92.6755,1,680.0,1.4165044816760168,1799.5400000000002,0.0,0.0,5.2,220.10755040732263,2013-05-07,47.1,79.19999999999999,96.3
24.1293,92.6921,1,825.0,0.91102229715018,1902.02,22.7,29.7,5.2,171.01414205441188,2007-09-29,16.7,32.8,43.9
24.96518283,92.69340028,1,24.0,0.2969695538074791,3175.2,23.1,46.3,5.0,339.86962967774656,2006-06-12,45.9,197.5,225.3
23.7527,92.694,1,793.0,3.3552238661808347,1625.5,22.8,25.0,5.3,90.06604126838442,2010-09-16,13.0,40.0,71.30000000000001
25.61919207,92.7094701,1,585.0,1.057323368119157,1644.28,28.2,30.8,5.2,117.52056000079205,2017-04-29,,,
23.73504471,92.71060943,1,977.0,2.240333956215277,1625.5,0.0,0.0,5.3,226.330944204146,2010-09-13,14.2,23.6,51.19999999999999
23.74182634,92.7141905,1,929.0,7.163441924294852,1363.4,0.0,0.0,5.3,89.2029687425071,2010-09-13,14.2,23.6,51.19999999999999
23.7365,92.7146,1,1010.0,3.1056966445137086,1363.4,0.0,0.0,5.3,120.17645384966572,2010-08-06,17.2,69.0,121.5
23.72988966,92.71495623,1,946.0,1.807208801829132,1363.4,0.0,0.0,5.3,189.8327922108553,2010-09-13,14.2,23.6,51.19999999999999
23.73941422,92.71505961,1,1068.0,9.593062838722425,1363.4,0.0,0.0,5.3,145.2825109762756,2017-06-01,8.2,85.8,136.7
23.7281,92.7175,1,1080.0,2.231980917800873,1363.4,0.0,0.0,5.3,90.31248368630612,2013-05-11,6.4,21.6,79.40000000000002
23.725943,92.7178,1,1062.0,2.161020323832651,1363.4,0.0,0.0,5.3,76.31299225906866,2016-09-17,19.7,43.2,83.4
23.7313,92.7187,1,1039.0,7.4454660581652625,1363.4,0.0,0.0,5.3,127.19564812607184,2015-09-14,10.7,31.2,53.7
23.7348,92.7187,1,1043.0,13.154207575401744,1363.4,0.0,0.0,5.3,113.21887540297024,2015-09-14,10.7,31.2,53.7
23.73478778,92.72124394,1,972.0,13.754949591772974,1363.4,0.0,0.0,5.3,113.29989477197114,2009-10-05,28.3,87.2,94.3
22.97431823,92.72197716,1,386.0,1.1092525808101603,2126.08,23.8,38.0,5.3,278.81842189469273,2017-06-14,35.5,377.6,486.6
23.73719685,92.72342008,1,860.0,4.671625204289758,1363.4,0.0,0.0,5.3,115.45231248103232,2009-10-06,18.9,64.5,107.7
23.73719685,92.72342008,1,860.0,4.671625204289758,1363.4,0.0,0.0,5.3,115.45231248103232,2009-10-06,18.9,64.5,107.7
23.73719685,92.72342008,1,860.0,4.671625204289758,1363.4,0.0,0.0,5.3,115.45231248103232,2009-10-06,18.9,64.5,107.7
23.73719685,92.72342008,1,860.0,4.671625204289758,1363.4,0.0,0.0,5.3,115.45231248103232,2009-10-06,18.9,64.5,107.7
24.5202,92.7239,1,39.0,0.2922669876350374,2139.34,20.5,41.4,5.1,197.3215013499544,2016-05-18,28.0,56.5,109.5
24.5204,92.7264,1,40.0,0.2932949276254392,2139.34,20.2,40.1,5.1,197.668004809384,2016-05-18,28.0,56.5,109.5
23.7269,92.7265,1,898.0,21.90345295823397,1363.4,0.0,0.0,5.3,87.03566686120843,2015-08-27,4.1,21.9,47.7
24.52029991,92.72826503,1,42.0,0.2808060617787807,2139.34,19.6,39.7,5.1,197.8023236474349,2007-09-16,8.0,38.2,74.2
24.52029991,92.72826503,1,42.0,0.2808060617787807,2139.34,19.6,39.7,5.1,197.8023236474349,2007-09-16,8.0,38.2,74.2
23.7131,92.7362,1,879.0,3.134034305577649,1363.4,23.1,25.0,5.3,111.08058902278748,2015-06-19,8.6,18.2,54.7
23.74253,92.73868,1,967.0,3.620955566847928,1363.4,0.0,0.0,5.4,358.14237897868674,2021-06-12,5.4,52.6,97.8
23.75406693,92.74128531,1,994.0,5.760933452791047,1363.4,23.1,23.1,5.4,356.02463777400425,2010-09-13,14.2,23.6,51.19999999999999
23.7327,92.7463,1,846.0,1.050936166771877,1363.4,25.3,23.7,5.3,2.6667979918464653,2014-07-14,19.1,92.1,132.7
23.73354779,92.74744512,1,876.0,2.908113958902605,1363.4,0.0,0.0,5.3,7.560340080666663,2017-06-10,15.4,57.99999999999999,129.8
23.73672831,92.7516868,1,822.0,2.566570523676916,1363.4,24.9,23.7,5.4,348.8144557157592,2018-05-12,3.1,11.8,30.300000000000004
22.87370331,92.7581259,1,1017.0,1.0073255185772327,1933.04,24.6,34.7,5.3,278.1885166778763,2018-06-05,21.5,66.2,100.0
26.96437841,92.78260587,1,147.0,0.990510990771226,2728.78,20.3,40.2,5.2,23.808372443277,2017-06-18,5.3,138.9,235.9
23.3572,92.7878,1,1372.0,1.1836975102848402,1924.54,28.6,28.2,5.2,218.89822781983293,2015-08-26,7.6,21.8,81.5
27.7,92.8,1,2477.0,4.11226826598442,4253.660000000001,23.6,31.7,5.2,22.32082465875243,2009-08-12,152.8,257.3,312.6
25.0477,92.801,1,184.0,1.7899988097727384,3013.7,24.8,34.3,4.9,283.165975982802,2010-07-25,9.3,33.7,83.30000000000001
25.0633,92.8025,1,91.0,1.6916580095509823,3013.7,21.8,33.5,5.2,285.5916600182877,2010-06-16,12.2,65.0,111.7
22.148327,92.80921064,1,516.0,1.9860471161944424,1857.34,0.0,0.0,5.4,304.96024336494696,1956-01-01,0.0,0.1,0.1
23.4495,92.8112,1,867.0,1.5049658749727903,1834.16,25.5,26.6,5.3,131.8249378481134,2015-08-28,1.3,16.5,45.3
24.768609,92.821182,1,24.0,0.1008882346450478,2609.42,21.7,39.7,5.2,76.31784942246344,2016-09-01,24.9,46.7,87.5
23.5705445,92.82885714,1,812.0,1.4305455588112763,1552.4399999999998,22.1,21.3,5.3,225.57466128619075,2017-06-10,21.8,49.8,124.4
26.35735036,92.82954074,1,60.0,0.4639639864883274,2338.36,17.1,31.8,5.6,220.3414128838665,2004-07-15,19.6,52.4,225.5
26.35735036,92.82954074,1,60.0,0.4639639864883274,2338.36,17.1,31.8,5.6,220.3414128838665,2004-07-15,19.6,52.4,225.5
23.61045606,92.83182797,1,546.0,1.812978048649387,1508.9,23.1,21.9,5.3,216.4299044603321,2016-09-17,14.9,42.9,77.0
25.2946,92.8339,1,872.0,2.06313656065444,1807.42,24.6,35.1,5.2,13.156024799510137,2007-08-26,77.9,136.9,166.70000000000002
23.30680933,92.83619313,1,1166.0,1.81997498877614,1907.44,23.7,29.5,5.4,163.36248857994246,2004-07-29,13.6,30.0,75.69999999999999
24.9849,92.8411,1,252.0,0.4064177929670639,3013.7,22.6,34.3,5.0,311.1011624149612,2008-05-20,18.9,64.9,77.8
22.7176,92.8416,1,761.0,1.5991914026676015,1989.86,23.2,35.7,5.4,284.791899067636,2010-09-13,19.6,43.400000000000006,74.6
25.118398,92.853913,1,183.0,2.1326475221593943,2861.98,24.2,33.7,5.0,279.5338066065773,2017-04-04,,,
23.33501164,92.85410625,1,854.0,2.0344627867116425,1924.54,23.7,27.6,5.3,161.32502265560447,2017-06-12,148.5,199.3,253.9
25.0888,92.8551,1,244.0,1.7181698232177112,2799.5,24.1,37.5,5.0,296.4737354814112,2011-05-24,17.3,106.4,216.2
24.81395989,92.85687296,1,20.0,0.1008882317027339,2645.9800000000005,22.1,42.4,5.3,76.31784933616467,2008-05-19,26.9,50.7,61.7
24.81395989,92.85687296,1,20.0,0.1008882317027339,2645.9800000000005,22.1,42.4,5.3,76.31784933616467,2008-05-19,26.9,50.7,61.7
24.81395989,92.85687296,1,20.0,0.1008882317027339,2645.9800000000005,22.1,42.4,5.3,76.31784933616467,2008-05-19,26.9,50.7,61.7
24.81395989,92.85687296,1,20.0,0.1008882317027339,2645.9800000000005,22.1,42.4,5.3,76.31784933616467,2008-05-19,26.9,50.7,61.7
24.81395989,92.85687296,1,20.0,0.1008882317027339,2645.9800000000005,22.1,42.4,5.3,76.31784933616467,2008-05-19,26.9,50.7,61.7
24.81395989,92.85687296,1,20.0,0.1008882317027339,2645.9800000000005,22.1,42.4,5.3,76.31784933616467,2008-05-19,26.9,50.7,61.7
24.81395989,92.85687296,1,20.0,0.1008882317027339,2645.9800000000005,22.1,42.4,5.3,76.31784933616467,2008-05-19,26.9,50.7,61.7
25.1175,92.8573,1,158.0,2.130382133759226,2861.98,24.0,34.4,5.1,279.63132622986075,2012-06-03,154.4,293.0,335.8
26.04494724,92.86237717,1,64.0,0.4032163255732716,2024.74,24.3,31.0,5.6,22.828518017459032,2010-08-09,1.9,6.5,83.7
23.69461107,92.87641207,1,575.0,1.2672495857320114,1498.62,24.1,17.7,5.3,120.76133877513348,2017-06-28,14.0,40.9,60.99999999999999
23.83655634,92.88807365,1,426.0,2.8717660334514368,1630.46,27.2,17.3,5.3,330.9089280132958,2005-08-01,21.8,40.900000000000006,110.7
23.83655634,92.88807365,1,426.0,2.8717660334514368,1630.46,27.2,17.3,5.3,330.9089280132958,2005-08-01,21.8,40.900000000000006,110.7
23.83655634,92.88807365,1,426.0,2.8717660334514368,1630.46,27.2,17.3,5.3,330.9089280132958,2005-08-01,21.8,40.900000000000006,110.7
23.83655634,92.88807365,1,426.0,2.8717660334514368,1630.46,27.2,17.3,5.3,330.9089280132958,2005-08-01,21.8,40.900000000000006,110.7
22.533,92.899,1,793.0,1.4487315270056536,2088.1800000000003,0.0,0.0,5.5,290.06459366558266,2007-07-30,0.8,4.3,43.6
27.2743,92.9064,1,695.0,2.2811675701488205,2793.1,19.6,29.4,5.2,96.3273005491318,2011-07-16,12.4,126.0,185.0
23.66555038,92.92747832,1,684.0,1.3259836068251178,1652.02,26.9,19.3,5.4,190.70614169396896,2012-07-21,12.8,47.8,75.0
23.591,92.9296,1,801.0,1.1900115898865484,1622.32,28.1,18.1,5.3,191.01338065018987,2010-09-13,15.4,34.2,73.60000000000001
25.15246863,92.94670614,1,977.0,2.560513474629419,2049.84,24.3,31.7,4.8,346.1059301339414,2017-06-04,123.6,211.1,531.3
27.51135213,92.94770476,1,507.0,2.670936281956429,3018.66,19.5,29.6,5.2,22.91371333733076,2017-04-04,,,
22.479,92.967,1,472.0,1.4823325669952974,2052.74,23.5,32.5,5.5,297.0948757192215,2007-07-30,0.8,4.3,43.6
24.17638911,92.97979352,1,447.0,0.7409003402140351,1759.1600000000003,23.3,23.1,5.2,246.29995815384527,2010-08-12,16.5,40.4,69.3
25.5242,92.9914,1,147.0,0.1621368042313199,1333.34,23.2,28.6,5.1,234.45880316916367,2010-10-09,44.6,125.19999999999999,149.2
24.7979,92.9974,1,24.0,0.2086374261375194,2639.3,20.0,38.8,5.5,194.3861296369794,2015-07-22,37.5,140.6,366.7
26.5836,93.0038,1,68.0,0.2917448852962962,3281.48,16.6,32.8,5.5,198.97102296504133,2011-07-24,8.9,57.5,193.20000000000005
25.1796,93.0083,1,696.0,1.3832777425722087,1556.88,21.6,30.2,5.2,134.92795117306798,2010-10-09,57.9,129.7,148.5
25.1775,93.0123,1,646.0,1.3782148550988187,1556.88,22.0,29.8,5.2,133.68593474233614,2012-06-03,183.9,276.3,330.8
25.16270441,93.01486436,1,656.0,1.4355721149763778,1556.88,0.0,0.0,5.2,136.00855193521528,2012-06-26,30.6,113.4,173.29999999999998
27.4888,93.0153,1,524.0,1.350895083489256,3018.66,19.6,28.6,5.1,351.75810513127715,2011-08-15,86.2,130.5,188.6
23.6866,93.017,1,612.0,0.8587361349891746,1571.6,26.6,17.4,5.4,294.3198121000212,2015-08-27,13.4,35.9,72.80000000000001
23.65637182,93.02746602,1,531.0,1.3377189970459458,1571.6,23.1,20.9,5.4,206.47822039607863,2017-06-17,3.4,22.3,219.00000000000003
25.1553,93.028,1,565.0,1.5756585094704365,1556.88,26.9,26.2,5.2,142.81175480347463,2010-04-01,15.3,96.8,137.6
27.2939969,93.03203401,1,1185.0,2.6770153666861063,2232.8,21.7,27.2,5.1,266.33517464429883,2015-07-15,88.3,149.8,212.60000000000002
27.36,93.0385,1,404.0,2.987084589169738,2649.08,16.2,28.3,5.5,263.1297370564536,2015-07-15,88.3,149.8,212.60000000000002
25.132228,93.04681,1,716.0,1.4129677443830837,1975.74,23.2,33.6,5.2,155.61674132877306,2017-04-04,,,
23.8447,93.0514,1,1053.0,0.9151132974890788,1526.86,31.9,16.4,5.3,277.33393523079974,2015-08-26,15.3,32.7,88.7
27.8837,93.0515,1,1679.0,2.7105133489148288,6321.62,19.8,28.1,5.3,23.43580303290429,2013-08-01,17.7,31.9,114.3
23.3439,93.0748,1,1376.0,1.850260453700573,1400.38,27.4,24.9,5.4,183.6723720013335,2010-09-13,18.8,38.5,59.900000000000006
24.808,93.117,1,38.0,0.2005551260477742,2536.6,20.2,34.3,5.2,206.62898415167376,2011-09-06,8.9,45.4,68.2
25.181453,93.118105,1,593.0,1.5729277602873606,1597.56,26.7,23.0,5.2,187.042935053946,2017-04-04,,,
25.1718,93.123,1,693.0,1.366199630248376,1597.56,27.2,26.8,5.2,183.2913419094192,2009-08-27,7.3,20.5,106.5
24.3069,93.125,1,719.0,1.1934649800178134,1916.14,27.0,19.4,5.3,246.6663576969486,2010-09-16,13.9,40.5,81.70000000000002
25.3056,93.1265,1,285.0,1.324881112437626,1321.38,27.2,26.6,5.2,171.0850692383665,2012-06-03,148.6,237.7,282.4
26.56636244,93.13195098,1,77.0,0.3358697563860055,2985.96,21.4,36.4,5.2,187.4377240972277,2017-07-09,,,
25.19640994,93.13430585,1,546.0,1.4052901377971174,1403.9399999999998,27.3,23.9,5.4,188.6165621607344,2018-12-18,,,
25.481623,93.141692,1,160.0,0.3376436999532142,1430.48,22.7,28.1,5.4,242.0585584022465,2017-04-04,,,
26.06838073,93.14761961,1,90.0,0.5402115558189585,1366.74,17.9,33.3,5.7,304.1983457501016,2017-04-29,,,
25.4749,93.1477,1,152.0,0.3784615780206236,1795.44,21.0,28.5,5.3,246.77748682295413,2010-10-09,36.5,95.80000000000001,127.2
24.32420539,93.15020652,1,565.0,1.163602464190734,2512.51,26.7,22.5,5.2,245.3185967988651,2017-06-26,30.6,86.9,144.4
25.5215,93.1645,1,279.0,0.3369268075722836,1795.44,26.1,28.7,5.1,277.3121081881778,2009-08-20,2.7,9.9,90.1
25.2269,93.1658,1,396.0,1.31849386521851,2378.52,26.9,25.3,5.2,180.18063862584296,2010-06-15,8.1,23.5,54.00000000000001
25.195355,93.172758,1,645.0,1.7399302318425798,2378.52,27.3,25.0,5.2,201.71079924722443,2017-04-04,,,
24.30415689,93.18182448,1,846.0,1.1601686786219845,2512.51,32.9,23.1,5.2,246.08047887840488,2017-06-27,15.2,68.5,142.4
24.21988831,93.20266204,1,807.0,1.1877984908308108,2367.18,23.3,25.5,5.4,248.20978660330383,2017-06-26,34.6,75.30000000000001,135.9
24.27173018,93.28039349,1,1055.0,1.0792737197712314,2512.51,29.1,21.9,5.2,245.32371849090407,2017-07-09,,,
28.03804909,93.31778108,1,2348.0,2.1905373320312163,1571.42,22.6,32.8,5.1,332.04161929928125,2011-07-19,47.1,127.3,261.40000000000003
28.03804909,93.31778108,1,2348.0,2.1905373320312163,1571.42,22.6,32.8,5.1,332.04161929928125,2011-07-19,47.1,127.3,261.40000000000003
27.85864784,93.3299562,1,2662.0,1.7280122733321366,1571.42,21.7,29.0,5.2,0.6121491094493763,2010-04-02,57.4,141.1,260.8
27.8997,93.3497,1,872.0,2.2876001490523383,1571.42,15.9,33.9,5.2,282.2428559094066,2010-04-02,19.7,59.3,117.1
25.5125,93.3613,1,320.0,0.5224636200210486,1795.44,27.9,23.3,5.2,240.56470274996605,2011-06-29,3.7,15.3,27.8
23.40991836,93.36421745,1,1239.0,0.5279467302247319,2309.2,29.0,21.7,5.5,304.3135407552033,1956-01-01,0.0,0.1,0.1
23.55290361,93.37126263,1,1770.0,0.7927219687380977,2309.2,26.8,25.7,5.3,242.16884595065304,2016-07-28,1.0,18.8,41.2
25.1019,93.3729,1,1133.0,15.320373284698327,2378.52,28.6,40.8,5.0,305.97096661695326,2015-08-11,3.6,34.9,63.50000000000001
23.5397,93.3783,1,1582.0,0.9100799198853016,2309.2,29.9,22.5,5.4,250.9436144176735,2016-07-28,3.1,29.200000000000003,58.3
27.97227071,93.37841167,1,2843.0,2.123963494928594,1571.42,22.1,35.4,5.4,56.33137481642922,2008-02-22,0.0,0.5,7.5
27.97227071,93.37841167,1,2843.0,2.123963494928594,1571.42,22.1,35.4,5.4,56.33137481642922,2008-02-22,0.0,0.5,7.5
25.0672,93.4093,1,460.0,0.3194764986577645,2378.52,28.9,23.5,5.1,229.80235118189853,2011-05-22,35.0,76.9,126.70000000000002
24.7679,93.4108,1,483.0,1.8773161017652693,2378.52,22.2,24.3,5.1,91.8388077325991,2010-10-08,29.9,69.9,84.6
24.7505,93.4221,1,772.0,0.997883144467804,2378.52,24.5,31.4,5.2,154.0123704735945,2010-08-27,8.1,27.5,60.400000000000006
24.7459,93.4251,1,769.0,0.9920076539662454,2512.51,24.0,27.9,5.2,151.80342621182308,2015-08-11,4.7,25.0,92.6
24.75,93.4333,1,546.0,1.2623669811798846,2378.52,26.1,22.9,5.4,144.19177701791915,2007-10-21,1.4,17.4,66.30000000000001
24.7625,93.4341,1,681.0,1.1154355605791542,2378.52,23.0,28.0,5.1,149.7438420855816,2013-08-17,12.5,35.6,78.9
27.2956128,93.47945113,1,1728.0,4.419109341948977,2493.57,26.8,24.6,5.1,356.362697316071,2014-08-25,33.1,79.5,135.2
24.9037,93.487,1,1272.0,11.740128879983978,1726.3,28.9,38.6,4.6,72.05455652076574,2013-09-01,3.7,6.7,82.39999999999999
24.9926,93.4946,1,1131.0,8.498221112272828,1726.3,0.0,0.0,5.3,15.367127481831004,2013-05-12,4.4,166.1,546.4999999999999
24.8961,93.4957,1,1049.0,9.210494513153012,1726.3,24.7,33.2,5.0,74.24339658182646,2010-08-19,4.4,13.1,121.2
24.938948,93.496837,1,1234.0,13.929194483254577,1726.3,29.0,40.6,4.8,76.93071408356315,2017-09-21,2.9,42.6,75.7
24.98793655,93.49870413,1,1199.0,9.70149148754398,1726.3,0.0,0.0,5.3,352.89698547797167,2018-06-03,6.5,20.7,33.3
24.9925,93.5,1,1206.0,11.740084380758812,1726.3,27.5,42.1,5.3,344.5518898895227,2009-08-20,9.4,24.200000000000003,87.00000000000001
27.05957271,93.50102778,1,267.0,2.77138021814422,2144.9,20.4,37.5,4.9,61.4959756813999,2017-07-09,,,
24.9786,93.5027,1,1295.0,18.600922155739344,1726.3,28.7,37.2,5.1,325.0883363235822,2010-07-29,35.6,41.1,83.7
24.7543,93.5039,1,422.0,1.0078611617531468,1726.3,24.7,24.7,5.2,152.56879465849943,2010-06-07,10.2,21.7,49.900000000000006
24.9829,93.5063,1,1284.0,9.019563462078237,1726.3,28.1,39.2,5.1,355.18018499964035,2013-09-01,3.7,6.7,82.39999999999999
27.769793,93.50995626,1,796.0,1.2836692530600344,2327.06,19.3,31.6,5.1,117.49969091040862,2017-05-24,,,
24.9818,93.5142,1,1238.0,9.218879911362276,1726.3,28.4,36.4,4.8,74.46813159262518,2015-07-24,,,
24.82767572,93.51825,1,459.0,3.724658262833194,1726.3,23.5,26.2,5.2,318.57549436629733,2017-07-09,,,
24.95138801,93.52811839,1,567.0,7.4340027890512,1726.3,23.6,30.1,5.2,69.78032800798206,2007-08-26,68.7,96.5,115.8
24.95138801,93.52811839,1,567.0,7.4340027890512,1726.3,23.6,30.1,5.2,69.78032800798206,2007-08-26,68.7,96.5,115.8
24.95138801,93.52811839,1,567.0,7.4340027890512,1726.3,23.6,30.1,5.2,69.78032800798206,2007-08-26,68.7,96.5,115.8
24.7016,93.5291,1,664.0,0.7196837509538975,1769.55,24.0,29.7,5.1,108.6185265455203,2015-08-11,4.7,25.0,92.6
27.05880384,93.54136779,1,493.0,0.4849162124545879,2144.9,21.3,35.5,4.8,90.67852253819586,2017-06-21,8.8,47.3,139.3
27.05909317,93.54235868,1,495.0,0.4858870557961093,2144.9,21.3,35.5,4.8,91.14664374249776,2017-06-04,11.6,106.3,211.5
24.8142,93.5444,1,562.0,1.2911943325795556,1726.3,23.2,26.9,5.2,292.05345620881195,2012-06-10,11.4,16.0,35.3
24.9667,93.55,1,585.0,8.498221112251803,1726.3,23.7,31.6,5.1,15.36712748218929,2007-08-26,68.7,96.5,115.8
27.27460429,93.58822996,1,1650.0,3.265751702823283,2493.57,29.2,24.7,5.1,78.23886110950701,2008-06-14,57.5,94.6,136.0
27.27460429,93.58822996,1,1650.0,3.265751702823283,2493.57,29.2,24.7,5.1,78.23886110950701,2008-06-14,57.5,94.6,136.0
27.27460429,93.58822996,1,1650.0,3.265751702823283,2493.57,29.2,24.7,5.1,78.23886110950701,2008-06-14,57.5,94.6,136.0
27.27460429,93.58822996,1,1650.0,3.265751702823283,2493.57,29.2,24.7,5.1,78.23886110950701,2008-06-14,57.5,94.6,136.0
27.27460429,93.58822996,1,1650.0,3.265751702823283,2493.57,29.2,24.7,5.1,78.23886110950701,2008-06-14,57.5,94.6,136.0
27.27460429,93.58822996,1,1650.0,3.265751702823283,2493.57,29.2,24.7,5.1,78.23886110950701,2008-06-14,57.5,94.6,136.0
27.27460429,93.58822996,1,1650.0,3.265751702823283,2493.57,29.2,24.7,5.1,78.23886110950701,2008-06-14,57.5,94.6,136.0
24.8286,93.5935,1,777.0,2.3748144278607866,1726.3,24.4,39.3,4.8,237.4031953527652,2011-05-31,23.2,67.2,102.7
27.07671517,93.59755441,1,225.0,1.2119058426474114,2144.9,0.0,0.0,5.4,322.2989102274478,2017-07-09,,,
27.0844941,93.60505989,1,291.0,1.7740456477929032,2144.9,0.0,0.0,5.4,307.78675741068224,2017-07-09,,,
27.09934081,93.60722373,1,282.0,3.6263865853107737,2144.9,19.3,34.6,5.0,261.82381804320937,2005-05-10,20.9,20.9,30.1
27.09934081,93.60722373,1,282.0,3.6263865853107737,2144.9,19.3,34.6,5.0,261.82381804320937,2005-05-10,20.9,20.9,30.1
27.08168565,93.60815652,1,293.0,1.6528393161463597,2144.9,21.3,35.4,5.4,314.19943103611314,2017-07-01,,,
27.0869,93.6086,1,312.0,1.6009342793461163,2144.9,0.0,0.0,5.4,312.0984971348992,2014-08-17,3.2,91.6,356.49999999999994
27.104022,93.61156568,1,287.0,3.219124325360312,2144.9,20.5,37.6,5.0,266.5661078030415,2017-04-26,,,
27.06992579,93.6146564,1,204.0,2.370034797573586,2144.9,19.8,39.4,5.2,288.3119739012174,2017-06-19,14.7,80.0,207.0
27.20938411,93.61539279,1,720.0,7.988349933514376,2144.9,19.7,36.9,5.1,5.217655594967027,2017-07-11,,,
27.01608306,93.61787466,1,254.0,0.4599164657847835,2144.9,20.6,37.2,5.0,346.6872035367273,2014-10-01,0.0,1.1,41.300000000000004
27.092916,93.61882043,1,346.0,2.325249863580353,2144.9,0.0,0.0,5.0,299.34575454368166,2017-07-09,,,
27.04768643,93.61899644,1,261.0,1.9046689323928312,2144.9,21.2,37.7,4.9,287.5285753465565,2017-06-30,65.7,117.6,152.5
24.86388954,93.62191829,1,358.0,4.506956922846507,1726.3,24.7,26.4,5.4,325.3284392245615,2018-05-10,1.8,49.39999999999999,345.2
24.8029,93.6228,1,1304.0,2.189467006571555,1726.3,27.4,38.3,4.6,293.8227236055284,2010-08-24,18.8,26.700000000000003,55.89999999999999
27.82743132,93.62407259,1,994.0,2.2120825216529982,2327.06,17.6,30.1,5.2,36.08539578544196,2017-05-03,,,
27.6802471,93.62592773,1,1060.0,0.8850120167358029,2493.57,21.0,36.1,5.1,212.8547510305888,2017-04-22,,,
27.0998,93.6287,1,402.0,0.9794650182274184,2144.9,0.0,0.0,4.8,217.1465822185024,2008-06-14,22.8,48.6,96.2
25.55544,93.63981,1,729.0,2.3737432783381704,1583.85,29.2,28.2,5.1,210.88164753118173,2017-08-28,8.2,64.9,104.0
27.10350855,93.64513257,1,348.0,1.6603007621636885,2144.9,20.3,41.7,4.8,181.5512748089481,2018-09-14,21.9,89.4,143.6
27.1071241,93.65156438,1,290.0,9.428344652829692,2144.9,20.9,43.4,4.9,12.892515002617074,2017-07-09,,,
27.10647226,93.65975252,1,234.0,9.348757014062102,2144.9,20.2,45.1,4.8,12.49970909975866,2017-07-01,,,
27.14163897,93.66495709,1,986.0,2.754305993666472,2144.9,22.5,40.3,4.9,52.29572173614906,2017-07-09,,,
25.1604,93.6795,1,1065.0,1.4160040445158153,1726.3,28.1,35.2,5.0,18.342596589853542,2012-03-04,1.1,9.999999999999998,24.4
24.84456721,93.6847452,1,1584.0,4.728723807227859,1726.3,29.0,33.9,4.9,176.93196880638584,2009-07-09,7.8,29.3,57.39999999999999
25.16,93.686,1,1089.0,1.3244516235921764,1726.3,25.7,29.6,5.1,16.686294949295643,2015-06-19,1.8,12.5,37.599999999999994
27.1032,93.6884,1,149.0,10.808996384683962,2144.9,0.0,0.0,4.8,28.771617756923035,2011-07-19,21.8,71.5,191.7
27.1034,93.6885,1,147.0,10.759319273528169,2144.9,0.0,0.0,4.8,28.829612187042244,2011-08-05,19.8,59.5,64.9
24.79489226,93.69953963,1,761.0,1.3318800069973622,1726.3,25.1,31.2,5.2,185.57703471516285,2011-07-05,7.7,16.0,53.8
24.37169581,93.70684171,1,810.0,0.2701283452458327,1769.55,25.4,28.6,5.5,214.55514660735932,2017-07-10,,,
27.12782115,93.71236396,1,134.0,6.203615619387413,2144.9,19.9,42.1,5.4,33.69204334907681,2008-06-14,38.3,77.6,124.8
27.12782115,93.71236396,1,134.0,6.203615619387413,2144.9,19.9,42.1,5.4,33.69204334907681,2008-06-14,38.3,77.6,124.8
27.125,93.7145,1,132.0,6.079675484733759,2144.9,21.3,42.0,5.4,33.9682399658501,2011-07-15,40.2,94.3,121.2
27.224587,93.71612869,1,655.0,3.739675294213584,2144.9,21.2,36.1,4.8,54.48947076211124,2016-07-16,27.1,68.1,99.7
24.79591421,93.72386429,1,1007.0,1.0339803547524002,1726.3,25.1,34.8,5.2,173.23300983623255,2017-03-30,151.5,166.5,171.1
27.0011,93.7273,1,109.0,0.7218554575327264,2144.9,19.8,44.0,5.3,86.18616680454966,2010-09-10,13.0,45.7,99.8
27.1614,93.7525,1,150.0,3.05973058803646,2144.9,21.2,46.5,5.0,40.12535009401682,2013-09-02,12.3,36.6,89.3
27.1249,93.7706,1,151.0,0.3526538738986683,2144.9,21.0,49.6,5.1,219.08215164016457,2014-10-01,0.0,1.0,58.9
25.80836408,93.79016194,1,196.0,1.2314572462884863,1566.78,0.0,0.0,5.4,250.46017350027904,2018-10-31,0.0,0.0,1.1
27.11610665,93.79559574,1,153.0,0.4085956491590276,2144.9,20.6,47.5,5.0,220.97323744543044,2017-07-09,,,
27.3034,93.804,1,768.0,3.7032291954348713,2493.57,18.3,38.8,4.9,29.74381984554532,2016-07-16,27.1,68.1,99.7
25.7713,93.8067,1,235.0,1.4273464780384786,1566.78,21.7,27.6,5.4,243.7779578349622,2011-08-13,26.6,70.6,193.9
27.0987,93.816,1,211.0,0.1138580540278127,2144.9,20.0,45.0,4.8,225.1204388089304,2015-06-09,62.9,133.0,189.5
25.7685,93.82005556,1,269.0,1.822763615961972,1566.78,24.0,28.9,5.5,225.16744108667567,2018-10-29,0.0,2.2,4.199999999999999
24.80693125,93.82176215,1,786.0,0.1289408680510254,1726.3,25.5,32.1,5.5,113.58385848295563,2007-01-25,0.0,0.0,0.0
24.9336,93.8275,1,1023.0,2.103917981375968,1726.3,24.8,29.7,5.4,67.4736372847168,2008-06-19,15.6,40.1,61.2
27.61790706,93.84196894,1,1656.0,0.6285102883771514,2493.57,23.7,29.8,5.2,174.14209033584189,2017-04-22,,,
24.9356,93.8443,1,850.0,1.233416287539796,1726.3,24.6,29.9,5.3,54.77790865132795,2010-07-31,10.0,52.2,73.80000000000001
25.1555,93.8474,1,1406.0,0.997229694418776,1726.3,29.0,27.1,5.1,345.99225273815193,2011-05-31,93.7,167.7,195.4
26.93567947,93.84867836,1,81.0,0.2117444576274421,2144.9,18.6,48.5,5.5,23.625132261233148,2017-07-10,,,
26.95147008,93.86686394,1,87.0,0.2129667286511973,2144.9,18.4,48.2,5.2,23.370064999111605,2017-07-10,,,
25.5265,93.8673,1,1354.0,2.557380691543615,1583.85,29.8,25.7,5.1,309.71833013889625,2010-10-09,26.1,72.1,102.79999999999998
27.6438,93.871,1,1682.0,0.6389993347703088,2493.57,24.2,28.2,5.2,171.07992280145027,2016-06-12,11.6,37.9,139.7
27.67110703,93.87234807,1,1440.0,0.7015773579193175,2493.57,23.3,29.0,5.1,178.69954398053983,2017-07-18,,,
25.5098,93.8794,1,1642.0,2.832423818190448,1583.85,28.1,25.1,5.1,310.2489398729804,2015-07-22,21.8,88.60000000000001,178.90000000000003
24.83507319,93.89896294,1,948.0,0.3082004001259523,1726.3,24.0,31.6,5.2,21.414712285779785,2017-07-09,,,
24.837,93.9128,1,813.0,0.3383207870286542,1726.3,23.9,30.9,5.2,358.96421417215424,2010-10-08,25.3,66.4,71.5
25.7428,93.9136,1,452.0,3.822616710910797,1583.85,30.7,25.1,5.3,205.37555241021565,2007-08-28,15.0,117.1,152.8
24.6869,93.9157,1,772.0,0.0456379757163963,1769.55,0.0,0.0,5.3,306.7252560185307,2011-07-25,1.7,7.3,88.2
24.7339,93.9161,1,886.0,0.1881299500034352,1769.55,23.3,34.0,5.3,2.315036269034465,2010-03-27,2.5,2.5,2.5
25.06657276,93.9310888,1,985.0,0.8523172655454748,1726.3,27.0,28.8,5.2,342.81080318128966,2017-06-30,33.6,63.400000000000006,153.20000000000002
28.29168432,93.9324665,1,2440.0,2.4715955357682007,1687.79,20.4,26.6,5.6,17.210361430822275,2017-06-20,10.3,53.1,240.3
25.77171292,93.93507183,1,871.0,2.9057437694727573,1566.78,31.3,24.9,5.3,233.6247667438369,2017-04-07,,,
25.7658,93.9413,1,796.0,2.802432388685895,1566.78,30.4,25.6,5.2,230.77220350535947,2013-07-17,9.9,97.7,159.4
25.83762589,93.94633448,1,403.0,2.397764207941373,1566.78,26.4,30.7,5.2,234.2765301000511,2017-06-25,10.0,30.9,62.2
24.7992,93.948,1,779.0,0.42183520220546,1726.3,0.0,0.0,5.2,295.33740131236544,2011-07-22,11.0,46.4,119.1
24.8063,93.9482,1,783.0,0.4333668184255376,1726.3,0.0,0.0,5.2,297.1492275741865,2011-07-06,0.8,15.900000000000002,48.6
24.65145617,93.95748186,1,778.0,0.3202049682491058,1769.55,0.0,0.0,5.3,267.3365241688569,2012-09-14,17.5,25.6,40.3
25.1333,93.9667,1,1009.0,0.6348323966080348,1726.3,26.7,29.8,5.4,14.910598199648746,2007-08-31,7.5,30.1,126.6
25.14429782,93.97198129,1,1038.0,0.6509860533596555,1726.3,26.2,30.5,5.4,13.243357279336124,2017-06-05,1.7,78.39999999999999,303.3999999999999
24.6596,93.9784,1,777.0,0.3674772028749294,1769.55,0.0,0.0,5.3,264.95198145707246,2008-06-09,8.6,31.0,51.400000000000006
24.004,93.9815,1,1496.0,1.8048657487399824,1551.86,21.5,26.6,5.3,72.6806073942754,2015-08-01,16.4,431.4,598.0
25.4538,93.9827,1,1779.0,1.3839789407359595,1583.85,30.8,26.0,5.2,0.7272153699219643,2015-07-22,21.8,88.60000000000001,178.90000000000003
25.5007,93.9854,1,1437.0,4.330942052496028,1583.85,32.3,22.6,5.3,341.9410259922419,2015-07-22,21.8,88.60000000000001,178.90000000000003
25.0604,93.9877,1,1485.0,1.039624825150785,1726.3,24.8,28.8,5.4,339.87976195599265,2007-09-08,21.5,83.1,170.8
25.73111942,93.98827528,1,1183.0,2.6088276448583314,1583.85,25.2,25.0,5.2,282.2770295054971,2017-07-09,,,
25.73318099,93.99655231,1,973.0,2.6799558875180187,1583.85,28.9,26.1,5.2,284.03021586346847,2017-05-16,,,
27.163,94.0,1,95.0,0.9046641683126058,2144.9,21.2,48.3,5.2,35.02664900282434,2008-08-14,10.8,29.6,146.29999999999998
25.7055,94.0132,1,1478.0,4.176504665453298,1583.85,26.5,22.3,5.2,177.0898716761924,2007-10-16,26.3,63.5,113.4
25.03561729,94.0144205,1,873.0,1.0760810712492772,1726.3,30.0,29.9,5.3,287.4928537859287,2011-06-28,8.6,24.0,45.3
24.981195,94.018619,1,796.0,0.5862989679913369,1726.3,24.7,34.0,5.4,327.1664601159743,2017-09-29,48.1,53.0,57.6
25.26049558,94.01914123,1,1062.0,2.4247142030441555,1583.85,0.0,0.0,5.6,246.31288657508023,2017-08-26,88.3,107.7,126.2
25.2745,94.0212,1,1083.0,2.21270180745146,1583.85,24.7,26.8,5.6,249.73063181202428,2010-10-08,28.1,64.0,76.19999999999999
25.72019272,94.03225673,1,1097.0,1.7121526409764307,1583.85,30.3,23.6,5.2,210.33812201284388,2017-07-08,,,
24.1077,94.0396,1,1253.0,2.4814210519967155,1551.86,23.3,31.6,5.4,47.03429198053993,2015-08-01,16.4,431.4,598.0
25.705,94.04,1,1029.0,2.820059701924431,1583.85,27.5,27.1,5.3,187.8536031451132,2008-08-07,10.0,53.6,146.9
25.20164854,94.04130978,1,1327.0,2.306279556970936,1726.3,25.4,26.8,5.3,247.0378271659152,2017-07-14,,,
24.30097079,94.04356075,1,1004.0,0.6310571445499378,1769.55,20.8,36.7,5.3,268.1179083962293,2015-08-01,17.3,304.90000000000003,443.50000000000006
25.318,94.0441,1,1026.0,1.9005115049027137,1583.85,28.8,26.3,5.5,261.7984461738662,2013-08-09,5.2,21.4,106.5
25.70223725,94.04619681,1,1016.0,3.1144624770096336,1583.85,30.2,25.3,5.2,186.16154768996503,2010-08-13,14.4,58.99999999999999,88.5
25.3179,94.0462,1,996.0,1.8628197930305328,1583.85,28.5,26.0,5.3,261.88907149786473,2010-10-09,21.6,69.4,94.79999999999998
25.4477,94.0489,1,1287.0,1.4187671771944137,1583.85,27.3,23.9,5.2,357.910075500087,2015-07-22,21.8,88.60000000000001,178.90000000000003
24.4279,94.0564,1,885.0,0.7324204232737175,1769.55,21.5,31.9,5.3,329.886825161619,2007-09-11,5.0,9.9,125.39999999999999
23.9939,94.0573,1,968.0,2.683271857513804,1551.86,20.5,31.3,5.4,75.93350493926948,2015-08-01,16.4,431.4,598.0
24.4072,94.0644,1,1148.0,0.6354173597474009,1500.0,21.0,33.4,5.4,298.126119591427,2015-08-01,33.3,252.8,381.6
24.2451,94.0691,1,1349.0,1.5107560995450755,1191.2,25.0,29.8,5.2,93.73507958223848,2007-09-10,4.1,10.2,115.99999999999999
25.7131,94.0885,1,1402.0,4.460047038354028,1764.05,24.8,27.4,5.3,288.04093390032176,2013-07-17,9.9,97.7,159.4
23.9278,94.0906,1,909.0,2.805983189524053,1191.2,22.5,33.2,5.3,70.95989846738257,2015-08-01,16.4,431.4,598.0
25.3908,94.0926,1,1314.0,2.3380459592819616,1764.05,30.3,24.3,5.4,293.9697286222354,2015-07-22,21.8,88.60000000000001,178.90000000000003
25.69111465,94.09483333,1,1385.0,2.672805375370228,1764.05,0.0,0.0,5.3,289.25463420477115,2017-07-12,,,
24.416,94.0984,1,1347.0,0.5790570181263608,1500.0,23.5,32.3,5.3,255.7128497309825,2015-08-01,33.3,252.8,381.6
25.658708,94.098536,1,1500.0,2.7139221741624127,1764.05,0.0,0.0,5.2,240.0067201526184,2017-09-30,42.3,83.0,129.39999999999998
27.2298,94.0989,1,95.0,0.0486891672645573,2147.0,0.0,0.0,5.1,26.78713460939872,2008-06-15,1.8,71.60000000000001,130.20000000000002
25.6320357,94.10065403,1,1682.0,2.1133281272956634,1764.05,26.5,28.1,5.2,244.5037513951189,2017-07-09,,,
24.1988,94.1016,1,1345.0,1.9817816638684835,1191.2,24.8,26.7,5.2,91.11570473075125,2015-08-01,17.3,304.90000000000003,443.50000000000006
25.660517,94.104931,1,1452.0,1.012611826508573,1764.05,0.0,0.0,5.2,177.04869976889427,2016-08-25,15.5,21.4,47.7
25.6278,94.1051,1,1508.0,5.139622422591992,1764.05,22.0,31.8,5.1,124.82150078688984,2015-08-19,22.4,32.3,57.7
25.67295037,94.10513917,1,1358.0,1.0903152209426406,1764.05,0.0,0.0,5.2,107.22464065351204,2018-07-31,41.8,158.60000000000002,394.1
25.4196,94.1054,1,1415.0,2.516811002474978,1764.05,24.0,24.8,5.4,305.81829279863695,2010-07-29,29.0,46.5,119.0
25.6263,94.1057,1,1546.0,4.404185009200199,1764.05,22.0,31.8,5.1,127.7078713488644,2015-08-20,39.7,65.8,91.5
25.76701194,94.10649881,1,1164.0,3.1637085855363587,1893.89,27.2,26.0,5.2,242.1002479462592,2007-08-28,15.0,117.1,152.8
25.67,94.1066,1,1408.0,1.0109998552213493,1764.05,0.0,0.0,5.2,171.15620751465485,2008-08-29,29.0,44.3,174.4
25.6623,94.1072,1,1394.0,1.6540992843831637,1764.05,0.0,0.0,5.2,188.4778835702283,2010-10-10,1.8,47.0,94.60000000000001
25.682,94.1076,1,1435.0,1.347520643369838,1764.05,0.0,0.0,5.3,252.73984460233584,2010-10-09,18.4,68.6,99.4
24.1419,94.1078,1,1187.0,2.155499596254994,1191.2,20.6,36.5,5.2,56.8823588088228,2015-08-01,17.3,304.90000000000003,443.50000000000006
25.4191,94.1079,1,1395.0,2.5090523909027587,1764.05,0.0,0.0,5.4,304.3022189724804,2011-07-07,6.8,28.5,81.2
25.4192,94.108,1,1400.0,2.510342609395599,1764.05,0.0,0.0,5.4,304.5447402647268,2011-07-29,14.0,31.8,98.8
25.6703,94.1095,1,1448.0,1.1128063800941748,1764.05,0.0,0.0,5.2,171.6753569380619,2011-07-11,12.8,19.3,46.60000000000001
25.6682,94.1099,1,1439.0,1.0572451586701126,1764.05,0.0,0.0,5.2,173.13064989343673,2011-06-28,36.8,85.6,134.6
25.63961883,94.11112157,1,1499.0,4.20301551895902,1764.05,0.0,0.0,5.2,124.9127133676124,2010-09-12,16.2,39.4,76.0
25.6237,94.1136,1,1610.0,3.4681941949013213,1764.05,24.9,28.9,5.2,130.19166123775688,2015-08-12,13.2,48.5,166.8
25.6269,94.1139,1,1558.0,3.151684648346773,1764.05,0.0,0.0,5.2,137.41925739652322,2013-07-15,12.0,37.0,80.8
24.3481,94.1146,1,995.0,0.6656279790360646,1500.0,22.4,35.8,5.3,272.98016286262884,2015-08-01,17.3,304.90000000000003,443.50000000000006
25.61560252,94.11603493,1,1634.0,2.568981729610911,1764.05,23.5,31.7,5.3,118.77652757952922,2010-08-19,12.2,23.4,67.7
25.4379,94.1162,1,1518.0,7.149996715218874,1764.05,25.4,26.1,5.3,47.96390280680373,2007-10-19,16.2,33.0,99.5
25.616,94.1167,1,1603.0,2.283254834180947,1764.05,22.7,31.5,5.4,121.68943051005584,2013-07-12,27.7,44.4,91.0
27.2333,94.1167,1,91.0,0.0505217673548957,2147.0,23.1,51.4,5.1,27.20690659216569,2008-10-29,0.0,37.199999999999996,45.699999999999996
25.67061161,94.11844319,1,1443.0,2.0250587124301536,1764.05,0.0,0.0,5.2,111.03026979665628,2017-06-02,20.5,115.0,194.3
25.4993,94.1192,1,1923.0,7.486710323726671,1764.05,23.7,31.0,5.2,69.18422210693825,2007-09-09,26.6,93.69999999999999,186.29999999999998
25.5718,94.1211,1,1649.0,13.957511270699634,1764.05,19.6,29.3,5.2,107.40167032382637,2010-08-21,4.8,31.4,67.5
25.4976444,94.12901274,1,1788.0,0.7525009475461354,1764.05,23.2,23.6,5.3,301.67194859278624,2017-07-04,,,
25.83,94.13,1,1006.0,1.3996014039537203,1893.89,27.1,26.4,5.2,229.98365114224413,2011-08-18,3.8,23.7,74.60000000000001
25.7902,94.1318,1,1285.0,1.5729879629854326,1893.89,24.1,24.5,5.4,230.5558969391957,2016-07-10,17.9,23.3,90.6
25.4786,94.1327,1,1738.0,2.137159486526508,1764.05,26.5,24.5,5.3,18.53430773794708,2010-08-27,15.1,25.200000000000003,58.3
25.533595,94.133345,1,1734.0,15.33074422439996,1764.05,0.0,0.0,5.3,98.31272316830672,2017-10-22,,,
27.1743511,94.13502058,1,88.0,0.0247881477012243,2147.0,23.1,53.0,5.1,33.71569080971602,2008-06-14,31.5,65.9,101.0
25.4769,94.1351,1,1684.0,2.048161408545225,1764.05,26.4,25.9,5.4,13.401311408192557,2010-10-08,24.1,67.80000000000001,91.5
25.48,94.1383,1,1721.0,2.229793445309367,1764.05,27.3,24.8,5.4,22.77720177944491,2016-07-25,16.6,44.7,88.80000000000001
25.4788,94.1399,1,1660.0,1.921626497821372,1764.05,27.6,26.8,5.4,2.076912932544701,2010-10-09,17.9,65.1,102.9
23.899,94.1434,1,269.0,1.9906928621643432,1191.2,19.9,33.4,5.4,80.47181587728039,2015-08-01,15.0,448.2000000000001,696.1
25.8266,94.1497,1,1409.0,1.5989928894454015,1893.89,27.3,24.8,5.1,227.457711009286,2013-10-05,26.4,42.4,61.6
25.8782,94.1739,1,1357.0,1.978969157039618,1893.89,27.2,25.4,5.2,212.9365816263029,2011-07-01,10.0,61.7,131.5
28.10756941,94.18315697,1,857.0,4.495532131112507,2843.87,20.2,42.0,4.8,319.6876774249896,2017-06-20,3.9,53.5,146.70000000000002
25.3833,94.1884,1,1683.0,6.292437896962186,1764.05,25.2,27.7,5.4,45.628613090221336,2013-08-15,8.1,41.8,133.60000000000002
24.4265,94.1913,1,1299.0,1.6421863912402066,1500.0,24.8,32.5,5.3,88.5811705605638,2015-08-01,16.6,220.1,438.4
26.18961382,94.19261077,1,470.0,2.981790601743344,1893.89,25.3,31.4,5.3,116.43990797344064,2008-08-19,38.9,72.69999999999999,109.8
24.95178179,94.20340026,1,910.0,1.6291534956275926,1638.54,0.0,0.0,5.3,332.83362595891987,2017-07-01,,,
27.98531715,94.21263589,1,348.0,0.9113259726330376,2843.87,19.3,47.3,5.1,300.5457512990692,2017-07-04,,,
24.954,94.2156,1,909.0,1.629082869041189,1638.54,22.4,36.2,5.3,332.2315175998105,2015-08-01,15.8,108.3,196.1
25.51614662,94.2341227,1,1623.0,6.665262765897334,1764.05,19.5,25.3,5.3,98.7677576248284,2011-06-21,16.1,51.8,115.6
25.08303063,94.23757741,1,1672.0,3.23062486145143,1638.54,29.8,29.0,5.2,284.7320291982012,2017-04-06,,,
26.11613908,94.24222574,1,1384.0,0.7772023988586177,1893.89,26.5,29.7,5.2,140.65671731696676,2017-07-01,,,
26.1445447,94.24416766,1,1271.0,3.79058130807088,1893.89,26.5,27.9,5.3,148.8877351461631,2017-07-01,,,
26.1677,94.2442,1,754.0,2.390045786708072,1893.89,21.7,28.0,5.1,176.40992901629534,2016-06-12,10.1,73.6,108.8
26.138,94.25,1,1021.0,3.983180714717368,1893.89,22.8,29.1,5.4,146.8349226137119,2008-08-19,38.9,72.69999999999999,109.8
27.8776,94.25,1,993.0,0.321977736076022,2843.87,20.1,43.6,5.2,126.6120083659426,2013-06-01,11.5,57.6,128.0
26.092493,94.257523,1,1353.0,1.941217013492181,1893.89,0.0,0.0,5.2,68.05342288504983,2016-09-05,18.1,50.6,79.30000000000001
27.97875751,94.26296826,1,335.0,4.704054293473519,2843.87,21.0,46.0,4.9,298.2547779470861,2017-07-04,,,
25.06466676,94.27420555,1,1126.0,2.429624916622613,1638.54,21.6,29.5,5.2,342.064878230815,2017-07-08,,,
28.0650067,94.28586765,1,1286.0,5.098523193611368,2843.87,22.4,34.2,5.0,291.97382626162494,2012-06-20,35.1,55.400000000000006,158.60000000000002
25.0118,94.3136,1,1372.0,2.403010820193616,1638.54,22.8,28.5,5.2,326.4735124505781,2016-07-07,2.8,24.9,134.0
25.0634,94.3415,1,1742.0,1.6701228252305993,1638.54,26.5,25.9,5.3,351.9313905071596,2015-07-31,52.0,119.9,183.5
24.3527,94.3429,1,285.0,0.3568170308898947,1500.0,21.0,32.5,5.4,270.0716430132984,2011-07-22,25.7,73.6,172.5
24.819,94.3551,1,1615.0,1.4500356796399283,1638.54,22.9,33.3,5.2,313.80875781542534,2015-07-31,63.1,160.0,289.9
25.1122,94.3591,1,1822.0,1.357055981669006,1638.54,25.3,26.9,5.4,342.0313165935861,2015-08-01,15.8,108.3,196.1
25.0985,94.3619,1,1889.0,1.4575759160416084,1638.54,0.0,0.0,5.4,349.33071189624303,2013-09-24,5.7,7.300000000000001,15.599999999999998
25.11956675,94.36416626,1,1848.0,1.066230615970991,1638.54,0.0,0.0,5.4,293.779373776565,2017-06-12,15.8,34.9,46.5
26.1147,94.3864,1,362.0,0.6747641050844283,1893.89,28.8,25.6,5.2,37.32109324516654,2013-07-01,15.5,60.5,101.5
24.8628,94.4182,1,922.0,1.1060311184172165,1638.54,18.7,35.8,5.2,303.7078918691615,2009-08-30,12.3,22.700000000000003,48.400000000000006
25.1941,94.4481,1,1713.0,0.5198512858631763,1638.54,22.2,24.3,5.4,153.32786739395488,2015-08-01,8.4,84.4,151.4
26.0481,94.4619,1,856.0,4.124016564462019,1893.89,24.1,26.1,5.2,230.0790250163328,2013-08-04,4.9,17.4,35.6
25.6633,94.4703,1,1443.0,0.3990395768472318,1764.05,0.0,0.0,5.2,155.03187896289023,2010-10-08,26.2,65.1,82.5
24.9111,94.4759,1,1804.0,1.7722707124489538,1638.54,27.9,27.2,5.2,36.13498472090777,2015-08-01,10.6,120.9,247.0
25.3098633,94.48214677,1,1559.0,0.7005147696898443,1764.05,20.8,25.8,5.3,158.05346486567691,2010-07-29,27.7,42.9,125.3
25.31006064,94.48265093,1,1571.0,0.7040789980526996,1764.05,20.8,25.8,5.3,157.84481708198268,2010-08-15,16.9,45.0,110.5
26.1699,94.4922,1,1134.0,3.55398323007709,1893.89,23.2,25.3,5.3,264.3744306110775,2016-07-11,10.2,37.1,103.5
26.3186,94.5121,1,1260.0,0.6593918074662147,1950.62,0.0,0.0,5.3,288.31466746334627,2011-06-20,11.8,57.60000000000001,133.4
26.324724,94.514651,1,1243.0,0.6292370080018457,1950.62,0.0,0.0,5.3,289.52603314578704,2016-09-05,19.4,70.4,132.5
26.0137,94.5163,1,1715.0,4.13016873932875,1893.89,20.1,24.9,5.2,290.091134243724,2013-08-04,4.9,17.4,35.6
26.0214,94.5224,1,1603.0,3.786168362793936,1893.89,21.5,24.6,5.1,286.1264387103902,2015-08-19,27.3,47.6,82.89999999999999
25.8376,94.5234,1,801.0,0.1598886153687199,1893.89,27.7,26.2,5.2,37.56193564287372,2013-08-04,5.8,16.599999999999998,28.3
26.0093,94.5238,1,1828.0,4.184959350361601,1893.89,0.0,0.0,5.2,291.6140879812002,2010-07-06,5.1,23.299999999999997,101.10000000000001
26.3185,94.5247,1,1171.0,0.5909262440611962,1950.62,22.3,36.3,5.3,296.6238512505478,2016-06-14,10.3,65.6,199.7
26.0101,94.5282,1,1701.0,3.926948185537431,1893.89,22.1,26.4,5.2,288.69498586757965,2016-07-26,1.5,80.4,112.2
26.47710622,94.53166014,1,528.0,2.510734073432469,1950.62,20.4,37.9,5.2,242.658554810817,2005-05-26,8.8,25.9,92.7
26.2083,94.5438,1,1469.0,1.3749215092757954,1893.89,19.1,26.9,5.2,199.41589467542173,2013-08-04,9.3,30.0,66.4
26.0319,94.5466,1,1581.0,1.3484349923699976,1893.89,22.0,25.5,5.3,289.489982019271,2015-06-24,15.6,82.8,109.8
26.1807,94.5497,1,1658.0,1.9430460840489383,1893.89,23.5,36.4,5.2,192.74477472962823,2013-08-04,9.3,30.0,66.4
26.3335,94.5512,1,1356.0,3.712865863080265,1950.62,0.0,0.0,5.3,353.4958667217073,2010-06-15,20.3,45.900000000000006,82.0
26.3312531,94.55427723,1,1332.0,3.743628843336527,1950.62,0.0,0.0,5.3,353.504832049482,2017-07-01,,,
26.0838,94.564,1,1848.0,4.381627812156762,1893.89,25.9,27.5,5.2,254.15698131711133,2013-08-04,4.9,17.4,35.6
26.284,94.5808,1,728.0,1.3346256399498189,1950.62,26.3,27.1,5.1,358.5263827427196,2013-08-04,9.3,30.0,66.4
25.426,94.6024,1,1311.0,0.1989531400243454,1764.05,21.4,28.2,5.2,245.5904172628057,2013-10-13,0.0,0.1,27.200000000000003
26.1498,94.6055,1,1721.0,1.1881524428803574,1893.89,22.2,32.2,5.4,188.29061489989925,2013-08-04,9.3,30.0,66.4
25.72,94.6219,1,1765.0,0.373869321292841,1764.05,16.7,27.8,5.2,74.15943985699505,2015-08-02,4.4,48.6,66.2
26.66354481,94.62220277,1,340.0,1.206698049393763,1950.62,18.3,44.4,4.8,223.60874373659132,2017-06-24,16.6,56.0,133.9
25.9466,94.6279,1,1376.0,2.2088306182233683,1893.89,19.6,26.7,5.2,358.0742648141413,2014-09-08,5.4,14.9,27.3
26.2753,94.6654,1,1115.0,0.7834524472084411,1950.62,23.8,30.9,5.3,297.6572027344516,2010-08-17,5.0,78.1,117.9
28.03900639,94.67669495,1,809.0,1.3666569188037685,2843.87,21.1,47.5,5.0,199.9201707372237,2005-08-24,85.4,159.9,259.4
26.7103,94.693,1,688.0,0.5242831273009805,2228.43,22.9,44.9,5.0,212.21561474463667,2013-08-11,26.4,50.8,105.70000000000002
26.0977,94.7031,1,1682.0,1.1482620084394477,2168.8,20.5,33.9,5.2,63.53704379038157,2013-06-07,15.3,24.4,30.8
26.07821691,94.72071068,1,1521.0,1.7315183461539947,2168.8,20.3,27.9,5.4,26.688615538417764,2018-05-12,23.2,32.9,121.3
26.0977,94.7499,1,1538.0,0.9268973024775152,2168.8,17.6,32.5,5.3,6.061378100618356,2013-06-07,15.3,24.4,30.8
28.1737,94.7596,1,610.0,2.004568665392492,3201.17,21.2,47.1,4.9,197.94365485612187,2015-08-18,44.4,131.2,187.0
25.8702,94.7844,1,1129.0,0.9202518161401608,2168.8,18.8,28.9,5.3,93.3925612037754,2016-07-28,3.6,13.9,102.2
26.13179516,94.78584429,1,1675.0,1.3990864564798076,2168.8,20.6,32.1,5.5,30.09138504394452,2018-07-30,58.1,180.2,357.79999999999995
25.8877,94.7861,1,1160.0,0.8777110316419681,2168.8,0.0,0.0,5.3,64.44143106223083,2010-07-06,6.0,22.5,87.6
26.0814,94.803,1,953.0,0.4331732046668819,2168.8,20.7,29.6,5.3,22.39432139274641,2010-08-14,15.1,35.800000000000004,64.6
26.2363,94.8133,1,1560.0,1.0145397783487098,2168.8,0.0,0.0,5.3,234.7363870308953,2010-07-06,3.2,17.0,88.5
26.2632687,94.81481951,1,1300.0,2.3757900849634925,2228.43,0.0,0.0,5.3,182.3626342332556,2017-07-10,,,
26.1984,94.8158,1,1849.0,0.5914069244430158,2168.8,20.6,33.1,5.3,230.386017538078,2010-08-19,31.0,51.5,147.7
26.148,94.8422,1,1504.0,0.7681111533756739,2168.8,19.8,28.1,5.4,305.472510490902,2010-08-14,11.1,30.5,63.1
26.4333,94.8833,1,535.0,1.761168971785061,2228.43,22.7,35.7,5.1,226.88921117749945,2010-06-17,29.1,52.3,126.70000000000002
28.9986,94.8885,1,604.0,3.1238522565385827,1639.34,18.9,47.1,5.4,44.7847282312801,2012-07-05,69.1,156.5,222.3
28.82834932,94.90818665,1,1014.0,0.9228356505928966,1639.34,21.0,38.1,5.1,154.03511679469204,2010-09-07,15.0,139.5,252.8
26.222,94.9152,1,1734.0,1.789307374934778,2168.8,19.0,34.9,5.3,165.08188759405687,2010-08-14,31.6,65.5,128.5
26.8727,94.9275,1,128.0,1.6422003562937786,2230.09,20.3,43.6,4.8,190.57254220783324,2013-08-16,16.4,56.2,127.8
26.3897,94.9439,1,514.0,1.3840638943192214,2228.43,23.3,32.9,5.2,229.469578582672,2013-08-16,19.2,41.1,95.1
28.235,94.9612,1,251.0,1.249881355995389,3201.17,21.1,42.0,5.0,236.77446555559848,2016-07-19,22.2,85.3,212.4
26.4205,94.9731,1,690.0,2.0727970296264435,2228.43,23.8,32.4,5.4,260.1853852336344,2013-08-30,9.3,29.6,101.1
28.611,94.9829,1,1610.0,0.9099401407144994,2737.7,25.2,33.6,5.4,353.7906357300194,2013-09-02,43.9,85.1,151.1
26.8716,94.9921,1,288.0,1.7369209967050403,2230.09,19.9,43.5,5.0,202.9969960551529,2010-07-20,103.1,181.2,232.4
26.68463757,95.02184913,1,966.0,1.2061681759272742,2228.43,19.6,41.4,5.2,265.4932205747973,2008-09-28,23.7,47.7,98.8
26.7223,95.0243,1,692.0,1.6716892773033234,2228.43,0.0,0.0,5.4,242.54138969182705,2016-04-19,36.6,62.3,109.29999999999998
26.7225,95.0281,1,706.0,1.6711608295919969,2228.43,0.0,0.0,5.4,242.52343115400583,2010-07-06,8.2,31.9,102.9
26.7215,95.0283,1,704.0,1.670390164389669,2228.43,0.0,0.0,5.4,242.5308650822661,2010-07-19,41.1,84.4,168.9
26.72,95.029,1,717.0,1.6708335649675563,2228.43,23.0,45.7,5.4,242.5314411298153,2013-07-01,28.8,72.6,139.0
28.11790893,95.16329131,1,689.0,0.7576484142152098,3201.17,21.9,48.5,5.0,295.0192847672448,2013-02-19,0.0,21.6,21.7
28.1193,95.1645,1,823.0,0.5968253556844941,3201.17,22.8,47.0,5.0,298.234829891558,2013-02-18,10.4,21.7,21.7
27.8458,95.2253,1,134.0,1.3904171771351082,3201.17,20.5,44.7,5.4,13.419912581563436,2012-09-19,55.6,107.4,203.2
28.9205,95.3429,1,4060.0,2.177450776017513,1599.42,14.7,46.3,6.3,319.77792096292865,2014-06-26,9.2,50.099999999999994,151.3
26.88161,95.399897,1,685.0,2.663147720733686,2256.79,20.5,38.0,5.2,212.11510903655173,2016-08-16,7.3,26.5,58.19999999999999
28.3036,95.4112,1,1835.0,2.996884131262534,2922.3,23.6,29.8,5.0,54.121041261698224,2010-09-09,37.9,113.5,531.9
28.3092,95.4149,1,1879.0,2.9740066596876966,2922.3,17.9,37.5,5.3,54.32751113271718,2010-10-03,4.0,10.2,67.19999999999999
26.95494403,95.45144698,1,1673.0,1.7714211047058253,2256.79,23.4,32.9,5.0,212.79338733327955,2016-08-15,16.4,27.6,76.5
28.1636166,95.45770808,1,430.0,5.872378722213432,3238.81,21.9,44.1,5.1,27.738250270724905,2014-08-14,86.0,302.7,410.5
26.9986,95.4993,1,615.0,2.1855105675196302,2256.79,21.6,45.6,5.0,201.33523965603663,2012-06-25,44.5,109.8,243.2
27.174,95.8011,1,295.0,0.8434420701198965,2256.79,22.6,43.8,5.2,187.21599586781767,2012-06-25,46.1,108.3,238.0
28.4659,95.86,1,1026.0,3.6788685223402906,2922.3,19.9,44.0,5.0,254.2695386792318,2012-04-08,9.2,88.2,130.1
28.4298,95.8776,1,503.0,3.5325682304325747,2922.3,18.8,48.6,5.0,243.3283617788543,2010-05-31,19.0,25.4,58.0
28.95510068,95.94281647,1,2995.0,3.939928334991616,1324.93,15.2,33.7,5.4,358.2958027037861,2010-04-21,11.8,34.400000000000006,41.8
28.95510068,95.94281647,1,2995.0,3.939928334991616,1324.93,15.2,33.7,5.4,358.2958027037861,2010-04-21,11.8,34.400000000000006,41.8
29.2409,95.9761,1,4417.0,2.0935706758731687,1324.93,12.0,47.1,6.4,338.730901417097,2012-06-06,21.3,73.6,145.8
28.8254,96.1509,1,3620.0,1.8990237462209856,1324.93,13.2,45.3,5.6,279.5886479930057,2013-04-07,0.3,0.5,2.5
28.8254,96.1517,1,3589.0,1.9020419443945968,1324.93,13.2,46.4,5.8,279.5478843402163,2012-06-02,22.9,44.9,51.2
27.9032,96.174,1,197.0,1.513946951699134,2821.43,21.6,44.5,5.6,320.83511531341617,2014-05-08,51.3,80.0,89.0
27.8965,96.1779,1,202.0,1.5142603610749454,2821.43,24.5,43.8,5.2,320.6839371342678,2010-04-21,53.6,131.29999999999998,149.1
27.99478607,96.39558755,1,914.0,4.258358272842269,2821.43,18.5,42.3,5.2,87.1879577609555,2016-08-31,57.7,85.4,125.7
28.14230982,96.41232469,1,2561.0,0.6992601987417407,2821.43,15.5,39.8,5.5,242.4750538423445,2016-04-23,83.4,180.10000000000002,212.2
28.0791,96.5242,1,554.0,2.2825487152684243,2821.43,20.4,38.7,5.7,3.5830180369305253,2011-03-22,24.9,192.4,252.0
28.0822,96.5316,1,543.0,2.210504608915226,2821.43,20.8,38.5,5.7,36.66846086279668,2016-05-01,7.0,20.9,61.2
27.8835,96.9262,1,956.0,3.258109378929704,1738.12,20.6,45.2,5.4,250.82824937858567,2015-08-16,12.6,33.6,58.8
28.014621065551232,93.84300190857336,0,899.0,1.9694646942661944,2327.06,19.2,32.9,5.1,43.88971529737512,2018-09-15,19.8,93.0,280.1
28.095750746994305,95.09262022341196,0,1191.0,0.6729644272006584,3201.17,21.6,47.0,5.0,14.1686523043316,2007-09-11,2.5,21.7,149.99999999999997
23.084605649622027,93.2654591037381,0,1249.0,0.8705620235098865,2371.42,26.7,25.2,5.4,20.900619786881805,2017-04-26,,,
28.250442046511203,95.99423079879804,0,3124.0,1.0149659086696703,2334.29,20.8,28.2,5.4,149.1886836361865,2010-08-06,12.2,49.6,99.8
27.528622915441936,95.93977978560096,0,159.0,0.2184450707306694,2429.35,21.4,47.1,5.1,279.27867721570493,2010-09-16,9.9,54.0,86.9
26.04083505868137,91.63407213666656,0,304.0,0.8436106884432556,2184.25,22.4,39.4,5.1,153.11735944760198,2017-07-01,,,
27.06860846969172,94.15228066813094,0,82.0,0.0214644121326215,2147.0,23.1,40.2,5.5,30.51004421484282,2010-04-17,16.4,16.799999999999997,152.0
25.451368702900403,90.73643936526555,0,154.0,0.6891757077957664,3510.61,26.6,39.1,5.1,70.24291647055708,2018-10-31,0.0,0.1,2.4
25.583946975436653,90.55783045404334,0,304.0,0.5459041052050198,3510.61,26.0,40.6,5.1,107.16450120633226,2012-06-22,5.8,15.9,82.80000000000001
25.794193228159607,91.01364284418818,0,569.0,1.2752373452744146,2283.52,20.5,42.8,5.0,190.51699561200016,2007-09-10,3.5,76.4,202.5
27.76196436970333,95.14384320541492,0,117.0,0.4554721850523711,3201.17,21.4,45.9,5.4,24.93726246847996,2017-06-04,1.2,57.00000000000001,182.8
27.2368087335172,93.4334808191944,0,1131.0,4.193170412533344,1968.73,19.2,24.0,5.1,357.1672774266093,2016-08-15,11.8,26.8,56.3
28.01068450770881,96.18792856964498,0,540.0,2.572563011901366,2821.43,22.8,44.4,5.1,320.11253136453547,2011-07-22,15.1,19.8,135.6
25.45240730621439,92.61184664106472,0,807.0,1.018189358287993,3098.6,26.7,33.9,5.2,145.9449577216485,2017-07-08,,,
26.05364162266813,91.63342067530638,0,257.0,1.008784662392869,2184.25,26.0,35.3,5.2,154.03180789740748,2016-06-12,32.6,65.2,99.0
28.310782240317685,93.94050508061255,0,1508.0,2.674096359222832,1687.79,23.9,32.3,5.3,17.16164443883946,2015-08-01,16.4,25.7,34.4
27.604028186050137,92.34102978802976,0,4283.0,3.8862816447245487,1545.05,13.9,51.3,7.0,8.06346906595246,2010-08-09,8.9,22.200000000000003,79.60000000000001
26.39977286150495,91.22569438659612,0,48.0,0.031201504289912,1961.69,20.6,31.7,5.5,344.8738574051093,2014-09-23,33.3,168.40000000000003,232.3
27.969889535539927,93.63268244550451,0,1442.0,3.2152187156604444,2327.06,22.8,29.1,5.1,52.83944574840643,2010-10-09,16.3,56.7,152.1
26.812970265137487,92.34667391913952,0,112.0,0.8972790881645262,1809.85,25.9,37.2,5.5,327.2118952775368,2017-06-14,17.8,127.8,151.3
24.34539746572749,92.47765657686594,0,298.0,0.0404149718213991,3754.34,21.9,39.2,5.0,203.30013955379692,2011-05-24,9.0,43.6,115.0
23.915206319021745,93.29710997824478,0,1534.0,0.2370785669636165,2367.18,30.2,22.9,5.3,321.9614788531125,2006-06-13,1.4,12.9,25.2
25.76613125410791,93.7843388397802,0,530.0,1.328643118792492,1566.78,29.7,29.1,5.3,254.83944089318987,2015-09-01,28.7,47.400000000000006,110.4
25.435919960578254,90.72467086165425,0,234.0,0.7603958200659738,3510.61,0.0,0.0,5.1,69.31441676956877,2013-06-07,11.8,37.900000000000006,49.7
24.74652292332818,92.37524089653552,0,14.0,0.0885697460184386,3754.34,21.1,47.3,5.5,155.46131251402824,2015-08-01,27.7,122.8,134.79999999999998
25.86668433994651,94.0926950015838,0,902.0,2.0460634770050112,1893.89,29.7,24.3,5.2,256.6714534915659,2011-05-31,100.7,175.60000000000002,228.6
26.866964428488963,94.69242479520749,0,101.0,0.6690187752560905,2230.09,21.0,42.4,5.1,208.51326313482883,2016-05-18,8.3,73.3,163.60000000000002
28.134694085982566,93.769525761837,0,1148.0,2.33264802920341,2327.06,17.1,33.4,5.2,38.551434452651904,2008-10-29,0.2,68.60000000000001,78.7
27.225454434857845,94.62681069393378,0,93.0,0.0129194879508059,2147.0,20.0,42.0,5.6,312.55523962299264,2010-04-01,55.6,161.4,288.0
27.339399955308203,93.4036709371612,0,2169.0,2.794751981814959,2020.56,25.2,24.7,5.2,339.85899188825624,2013-05-11,6.6,30.3,66.9
24.264783860711823,93.89307590494624,0,843.0,0.9065063609668064,1769.55,22.1,30.0,5.3,203.01264215711527,2017-06-14,20.8,89.10000000000001,115.4
24.80772161870504,92.6035242408894,0,19.0,0.0325280234280021,4112.49,22.8,45.6,5.3,237.8637351255528,2014-09-23,46.1,57.400000000000006,101.5
24.26345242288752,93.79496956147725,0,1044.0,0.847770543189186,1769.55,24.0,28.7,5.4,200.7835280326577,2007-04-11,5.7,19.2,19.8
23.812389017506767,93.13244809148644,0,791.0,1.4422600425696852,2367.18,27.2,17.1,5.3,285.31303146691874,2011-09-06,14.7,34.0,79.60000000000001
25.2871460758852,92.6263427997703,0,1294.0,0.8499640642345548,3098.6,22.4,38.1,4.9,346.2904371611994,2015-08-01,20.1,124.4,145.5
25.79793986362356,90.68288902373703,0,315.0,0.4170906506750461,2553.3,24.7,42.6,5.1,170.3384364139108,2012-09-19,5.7,17.099999999999998,95.19999999999999
27.87975149396741,88.56451286964338,0,4556.0,1.953011441907175,1196.66,9.1,51.9,6.4,330.9919216211748,2017-07-01,,,
28.27974729385482,95.62101007186656,0,565.0,5.165820219131416,2922.3,26.3,42.4,5.1,41.19218679987512,2017-07-04,46.8,102.8,522.6999999999999
28.06047166283951,92.97776179820156,0,4062.0,4.122586473440269,1571.42,13.5,45.6,7.2,54.04541490138541,2016-07-20,31.1,98.5,183.9
25.215889332215347,92.98077546947788,0,650.0,1.5937104789236791,2378.52,23.0,29.4,5.2,126.70619214454086,2012-06-10,100.2,153.7,190.6
26.000441934420856,90.20133360380848,0,29.0,0.2174964638903596,2710.28,19.2,39.1,5.4,230.7434787614897,2007-09-11,5.2,21.1,127.80000000000001
26.63694600841037,93.98730743837902,0,94.0,0.0283988444426462,1742.2,16.8,43.3,5.3,226.4960678812332,2017-09-29,26.8,55.8,69.8
27.740229934722187,94.71375860109508,0,285.0,1.5734438982343697,2644.41,21.4,48.5,4.8,11.381587874420916,2016-07-16,15.2,71.3,99.9
26.36414190054732,93.7016108283958,0,811.0,0.8053067750670366,1742.2,23.8,31.5,5.1,129.04934773953647,2004-07-15,23.2,45.6,167.7
28.00247807707769,95.89288465245178,0,192.0,2.877207462391035,3238.81,22.9,38.6,5.2,7.402168228797279,2012-06-03,16.3,75.89999999999999,95.9
26.34774800005145,93.5408970462519,0,701.0,0.84668912208939,1742.2,27.9,25.8,5.0,198.57864178974063,2016-08-16,2.8,27.9,71.39999999999999
25.83166503602491,91.0289504144665,0,472.0,1.3165377998773935,2283.52,22.3,40.1,4.8,189.58797362088228,2015-09-14,11.1,40.8,87.7
27.692090866765447,94.79537091272798,0,134.0,1.2707433046329262,2644.41,21.5,51.4,5.4,4.255663913179319,2011-06-20,5.0,36.9,79.4
26.656192810053817,92.72364373513632,0,65.0,0.0558553993945806,1511.53,18.3,30.3,5.5,3.505788345039889,2009-07-09,19.4,46.6,98.1
26.58577650242679,94.87968106414289,0,360.0,0.246568259634434,2228.43,18.7,39.1,5.0,248.7689087561832,2007-09-10,5.1,77.6,174.7
24.920868778994283,94.67639896504508,0,691.0,1.307842525572604,1638.54,18.9,36.5,5.2,28.59748931760481,2010-10-08,25.0,68.0,78.2
23.6056881691379,91.37927001369738,0,29.0,0.1386693150099697,3470.15,21.8,26.1,5.3,286.8103912697247,2004-10-08,33.4,70.4,101.8
25.7127457165356,92.2255795529068,0,821.0,0.7827250747429317,3098.6,23.5,40.8,5.2,181.3028371473418,2019-07-09,7.3,37.6,94.3
25.447796245833977,93.35894195162123,0,386.0,1.1860130308466528,1795.44,32.9,22.8,5.2,225.87624906344828,2021-06-12,26.4,38.9,68.5
25.738524158904603,93.31951410710164,0,205.0,0.3429484753775029,1795.44,21.9,30.8,5.3,251.7287128194273,2017-04-04,,,
27.538856370511063,93.55307505745552,0,1984.0,3.599388799650652,2493.57,23.4,28.8,5.1,96.74377757623972,2018-09-15,23.2,103.2,307.2
24.60573843123054,93.80775324084308,0,768.0,0.0596061911133695,1769.55,28.0,29.9,5.2,265.40438511247703,2015-07-15,10.8,26.1,64.3
25.17979881342037,91.51181242188076,0,18.0,3.3855913142974883,5378.47,22.6,47.9,5.3,355.9443433001213,2014-09-24,8.8,187.8,344.90000000000003
23.31104244287122,92.97688986056974,0,1081.0,1.754111537520587,2309.2,21.9,28.1,5.3,191.53144920698148,2008-06-09,16.7,29.4,42.3
26.20127695649216,92.90021618011797,0,286.0,0.1450909068655603,1366.74,23.3,31.3,5.3,108.30416817683404,2011-08-05,7.2,59.8,82.3
26.870437814533283,93.23540774325906,0,97.0,0.1026362571447093,1968.73,17.0,36.9,5.2,342.9248604531712,2010-08-17,5.2,21.8,76.10000000000001
27.4507115014142,95.6245958597195,0,141.0,0.1850940152986372,2616.07,19.6,44.8,5.1,200.9020158195456,2015-08-01,2.9,9.1,9.6
26.09799494552758,94.87091084578891,0,1597.0,1.589730480821203,2168.8,22.0,30.1,5.4,9.709540211752651,2012-06-13,3.8,6.0,9.8
27.948151557895777,95.88068286525086,0,160.0,2.349470092935975,3238.81,24.1,35.6,5.2,14.35861228192232,2012-09-19,76.5,147.7,210.3
25.205270226631505,91.958391115721,0,424.0,3.4070592992696667,5503.35,25.5,42.4,4.8,358.5239732265765,2012-11-11,0.0,0.0,51.9
28.505383645659656,93.30223305863989,0,4203.0,1.6785201235675755,1047.36,11.8,44.6,6.8,43.54610091471892,2017-05-26,,,
24.306524736320576,92.81459313229196,0,322.0,0.880136067460777,2512.51,19.5,32.5,5.2,173.96939430598468,2013-08-04,4.7,28.6,62.6
23.578472071364963,91.5813164496836,0,88.0,0.16924025745894,3471.71,20.0,32.4,5.5,306.90323199768386,2015-06-13,15.3,66.2,73.7
27.884752079829006,95.81476161328524,0,140.0,0.1042097147614862,3238.81,23.0,36.3,5.2,312.6011342193478,2012-09-19,49.4,109.0,166.29999999999998
27.85134637291228,91.63980524441374,0,4864.0,5.989251919007086,780.77,10.4,53.8,7.2,351.4789641036354,2014-07-14,15.7,39.1,65.89999999999999
27.15802431427661,94.46138520676064,0,94.0,0.0116257082474529,2147.0,23.9,43.5,5.4,313.3020257666207,2018-07-31,26.5,72.8,175.4
25.50381840883237,90.43496799402229,0,804.0,1.1655903083928132,3510.61,20.7,39.6,5.1,16.327717776442512,2015-09-23,50.6,119.6,152.4
25.76390163966617,92.20481321255788,0,875.0,0.8405110210825794,1581.03,21.3,39.5,5.3,169.99686413894597,2007-09-16,10.2,63.599999999999994,110.3
26.75870790587596,93.1473950006143,0,76.0,0.0647431189935586,1968.73,17.4,35.3,5.4,329.9854400891499,2011-08-17,9.5,63.2,112.4
24.94032365323779,93.81397382983258,0,1402.0,1.823016490405473,1726.3,28.9,29.6,5.2,71.19446338571322,2008-06-14,4.4,26.3,60.4
24.37695758357055,92.67539265995576,0,47.0,0.9620743969135755,3754.34,20.2,38.1,5.4,178.64711558402723,2015-08-26,16.7,32.3,109.2
26.195325417444103,93.94043079107492,0,116.0,0.5938889730831419,1566.78,19.2,37.5,5.4,301.4534393719734,2015-09-23,2.1,11.9,55.00000000000001
26.21842821599369,90.54360458830982,0,30.0,0.0149836568532656,2553.3,0.0,0.0,5.2,331.5164771343895,2014-09-23,10.1,133.4,188.6
26.44051434080741,95.07002612236052,0,1992.0,1.95150857490728,2228.43,26.0,32.3,5.1,252.16297743802988,2017-04-04,,,
27.435293621917232,96.33959956288876,0,1242.0,1.8898288385899176,2429.35,22.7,40.2,5.0,273.7321147060589,2017-08-28,0.3,25.9,40.8
28.74301157016284,94.06168530404535,0,3771.0,1.1586144282174622,1687.79,15.0,47.5,6.2,352.86296037050533,2017-07-10,8.7,42.8,113.4
28.187337283243103,94.2150980630997,0,1183.0,4.551491805238424,2843.87,18.9,42.4,5.1,318.0058467205957,2010-09-13,10.2,49.8,245.5
26.177512294801097,92.72796864918448,0,62.0,0.1995809471347446,1581.03,22.1,29.3,5.6,157.75256715937485,2010-06-09,42.4,52.3,172.60000000000002
27.75327961126812,96.30742770267446,0,328.0,2.0198814193736423,2821.43,22.6,45.2,5.0,237.67490134740336,2010-08-27,77.0,89.0,184.8
25.79886249037736,89.83212624792972,0,24.0,0.8773773739613079,2710.28,0.0,0.0,5.4,260.7863143374013,2017-06-04,30.9,75.0,85.9
25.633810727210395,91.96961763727566,0,1081.0,2.3830232006001144,4413.27,22.2,37.2,5.2,164.7316214754154,2016-07-16,16.2,25.9,54.400000000000006
26.248391331664813,93.46745089572632,0,748.0,1.445692747736626,1566.78,27.7,25.5,5.1,10.926302269196016,2012-06-07,22.0,48.4,137.20000000000002
26.453301512491443,90.5079801342196,0,58.0,0.0878909636274156,2288.55,20.5,44.9,5.2,344.484306221851,2017-07-09,33.6,75.6,220.7
29.17810749673651,95.6759342711023,0,4010.0,1.7577182346123963,1599.42,12.7,46.0,6.4,336.4223673464314,2015-08-01,5.1,19.5,61.2
24.13483241471036,92.66130510724687,0,159.0,0.9152915060586824,3196.52,21.8,35.5,5.3,105.03103136394498,2010-08-27,1.9,20.3,45.900000000000006
23.48533187541002,91.96421291947908,0,232.0,0.1024607970033051,3471.71,22.3,36.8,5.4,14.819927734519752,2017-04-29,,,
26.2058352201231,94.57243461236564,0,1014.0,2.0483797760632614,1893.89,20.8,33.8,5.2,191.65549452764893,2010-10-09,30.1,94.5,121.69999999999999
26.737067612182024,94.17330963222102,0,91.0,0.2739833910420454,1950.62,20.8,46.3,5.4,238.9522562135384,2013-10-05,9.6,16.7,20.3
28.9803163091752,95.28771137463426,0,3435.0,1.864846424473004,1639.34,12.8,45.8,6.1,261.0057280070624,2011-05-04,0.0,47.5,75.4
25.20328382700155,91.62308959323238,0,171.0,3.388118191102867,5503.35,23.9,44.4,5.1,357.81061176744873,2015-08-19,98.5,277.9,437.1
25.227348529360505,94.05070205956778,0,1594.0,1.8568809606746663,1726.3,26.4,28.3,5.4,247.10619257248592,2013-10-06,19.5,86.5,101.9
26.022464786102425,90.81422037543668,0,45.0,0.4259661841016664,2553.3,20.8,39.3,5.3,216.77329194037807,2014-06-26,18.2,27.1,236.59999999999997
27.288181224660583,92.23911733461708,0,2536.0,2.637871131982024,1545.05,30.0,27.9,5.4,53.80145911558998,2011-08-05,103.0,136.2,193.3
27.52842874515749,93.18364317949847,0,1865.0,4.282427486316024,2020.56,23.1,24.8,5.1,270.63420119257074,2008-06-14,118.9,196.3,247.7
27.19003221247676,95.06513206470063,0,106.0,0.2541650856747506,2230.09,17.3,46.1,5.2,230.73748165068392,2015-08-18,35.7,50.6,117.2
27.66244665839009,94.3855265147806,0,1003.0,1.3048626573799476,2631.37,22.1,44.7,4.9,20.96085285124923,2010-08-27,44.7,66.4,126.0
25.65523583980758,94.25054567754547,0,1609.0,1.9111400202940847,1764.05,23.8,24.8,5.3,212.7319556418104,2013-05-11,25.5,93.2,190.2
27.57085730654969,92.3257951928629,0,3664.0,3.9521476356242577,1545.05,16.1,48.2,5.6,10.263279667592316,2015-08-01,16.5,34.8,49.8
25.271870526407987,91.19827511729372,0,390.0,1.8970513399312807,4394.63,21.3,43.2,5.1,359.8324093959636,2011-06-23,22.5,43.6,67.30000000000001
25.559945172696068,92.92215458512138,0,146.0,1.0043402414053746,1795.44,21.3,32.8,5.2,131.55942629284846,2010-07-29,16.0,39.1,71.19999999999999
24.20591209400839,94.12610650613767,0,822.0,1.4514961786328595,1191.2,20.5,34.9,5.2,89.25456374443098,2017-09-30,10.7,36.2,60.10000000000001
22.45073263092052,93.10628315896447,0,1148.0,1.4656814821830595,2849.63,24.0,36.1,5.4,301.237378741361,2013-07-17,6.3,20.5,50.1
29.00803306653033,95.0818982685394,0,1443.0,2.370339131964988,1639.34,13.0,56.7,5.2,256.7889974493044,2017-05-03,,,
27.88278507278577,96.83322000800248,0,1178.0,2.471523974703586,1738.12,17.7,40.6,5.2,180.52899369935005,2018-05-12,1.6,6.800000000000001,31.7
25.205858435248665,92.89712230603588,0,792.0,1.9660548458745788,2378.52,23.3,36.6,5.0,331.96440057274583,2018-10-29,0.0,15.4,15.6
26.48169074894387,93.25176440541756,0,285.0,0.9092905249075174,1549.55,22.9,31.8,5.2,195.5338681740145,2016-07-20,23.6,52.400000000000006,115.5
24.511657650391847,93.09084853295244,0,314.0,0.9395345896823868,2512.51,19.3,25.3,5.3,229.89458375867943,2013-07-17,25.5,57.0,118.7
26.418437845963133,91.38932405684524,0,51.0,0.0393862461567122,1961.69,19.9,31.5,5.4,344.25603192988586,2011-09-06,28.9,40.6,47.6
27.7851996698702,93.06974632824486,0,3093.0,2.5209398110221257,1571.42,16.5,35.3,5.3,10.71023300998644,2016-05-18,7.9,52.3,103.2
28.51485988441932,93.69265098945968,0,2574.0,2.711310324828908,1687.79,14.5,46.8,5.4,22.31706225147269,2008-05-19,16.4,31.4,62.49999999999999
28.132536287152384,94.1467260245906,0,652.0,4.100213409993587,2843.87,19.4,44.2,5.0,324.4798189816243,2017-06-26,22.4,60.1,113.8
27.745543114798046,95.85508095051696,0,142.0,0.0748531026701759,2616.07,17.5,43.6,5.0,277.21252605845984,2007-09-07,56.7,84.5,229.10000000000002
25.17966273974984,94.44859783117012,0,1745.0,0.5392332553173371,1638.54,23.0,24.4,5.4,134.93759817888235,2015-08-18,3.5,9.8,56.5
25.583160496970983,90.74663765460488,0,425.0,0.4383616487800733,3510.61,22.4,40.7,5.1,307.59849809025945,2017-07-10,15.7,27.3,62.89999999999999
27.22928630960461,93.68229896270957,0,825.0,3.822020472422897,2144.9,17.8,34.9,4.9,62.79068444133918,2007-04-20,19.2,23.1,32.5
27.58365750161669,92.53133821131448,0,3056.0,5.584343598530062,1545.05,16.9,42.6,5.6,358.0653219668428,2010-08-06,4.5,93.8,167.1
27.370479120689573,92.45904472573928,0,1841.0,1.6805547863067456,1545.05,25.5,20.2,5.2,119.56591889928984,2008-06-14,109.6,201.4,305.2
29.25788578971555,96.04151210363344,0,3678.0,2.353360354250558,906.84,11.8,48.4,6.4,5.557044702719395,2017-04-26,,,
26.1674768083652,94.33753893516057,0,406.0,4.449196055819638,1893.89,26.1,27.2,5.1,128.90932961329543,2018-05-12,2.0,17.2,131.79999999999998
25.98593726476125,90.68925879192072,0,53.0,0.3547081555322746,2553.3,20.5,41.8,5.4,183.3058204652461,2011-06-21,1.4,19.4,130.0
27.982493561021748,94.6134213746502,0,881.0,1.3702868373075845,2843.87,21.4,49.5,5.0,198.96246643849403,2017-04-04,,,
25.31443471693786,91.5553830558962,0,810.0,2.913244198702716,4394.63,20.6,41.5,5.0,346.6521749464027,2012-09-19,23.7,43.9,215.09999999999997
27.916001187822825,96.01865554743104,0,189.0,0.7507101559781042,2821.43,23.6,38.1,5.1,340.33740222722,2008-08-07,0.5,13.8,52.7
26.099751033310817,94.39824212710889,0,437.0,1.3765772843606563,1893.89,25.7,28.9,5.3,220.19496911982577,2017-06-27,13.3,35.0,80.39999999999999
25.27688429365842,93.38110511870858,0,989.0,0.6942888650135115,1795.44,25.9,37.5,4.8,216.4589497170407,2008-06-14,5.6,18.0,57.5
28.30801344798507,94.1148085075154,0,2184.0,3.2420599907627845,2293.41,24.5,26.4,5.2,338.6718318233294,2017-04-04,,,
26.633753730504857,95.08951709595536,0,845.0,2.124206602972169,2228.43,19.9,45.5,5.0,240.1347306057336,2010-09-13,29.3,70.7,110.6
26.436318453340952,93.12718863873816,0,367.0,0.9317548542875812,1549.55,24.1,30.3,5.2,210.90630687604937,2010-08-27,14.0,44.3,128.2
27.8941939070725,96.51419435013796,0,862.0,6.9384098420066005,2821.43,17.7,49.3,5.0,162.15109024983326,2010-09-16,13.7,65.2,120.1
24.80226899896796,93.84274157297315,0,778.0,0.1306232588746066,1726.3,25.6,31.0,5.4,125.21504775570791,2018-07-31,16.6,31.4,50.4
25.813818270871955,94.22609238619444,0,1251.0,3.166486977231972,1893.89,28.8,28.8,5.3,241.3586695901954,2017-07-03,24.0,52.8,96.0
26.48429267169478,91.7441883625776,0,59.0,0.0774009191269779,1894.54,15.8,33.3,5.2,218.56689655635336,2014-08-25,7.8,32.7,62.49999999999999
24.11434523142281,94.13431834500764,0,888.0,2.0048703157671137,1191.2,19.5,34.0,5.2,54.10939316728553,2012-09-01,12.5,24.5,63.39999999999999
23.4168318190679,92.87045872849032,0,795.0,1.540816092288815,2309.2,25.0,23.2,5.3,165.46216219470398,2004-07-15,5.0,53.8,194.1
26.65999325393768,93.79163488684432,0,82.0,0.0186493153086761,1742.2,20.9,39.8,5.4,232.2841165620817,2010-09-13,13.0,24.0,112.70000000000002
26.794591377036404,91.41067607555972,0,165.0,0.0834477590112651,2228.04,26.8,38.0,5.3,353.88188131300086,2010-05-31,18.9,24.9,65.2
27.39174977213674,93.05168111119868,0,644.0,3.040732372241948,2020.56,18.5,29.2,5.0,264.86807818617694,2011-09-23,26.6,46.2,136.5
29.071909647232395,95.5624177067434,0,3730.0,2.17999568789409,1599.42,14.1,47.5,6.0,17.070614190738127,2016-07-20,14.3,73.8,162.50000000000003
27.323959316244093,93.8130817093651,0,1184.0,3.4548388044718825,2493.57,19.6,37.7,5.0,32.43730860407646,2008-10-29,0.0,37.5,47.2
24.634597872867666,93.67407057481576,0,743.0,0.8653034315701191,1769.55,31.1,26.9,5.4,300.88637804177915,2010-04-21,6.1,22.5,37.2
27.29113943037141,88.5842061470656,0,986.0,11.25401746872638,2262.61,21.8,36.3,5.1,265.91562550565027,2015-08-01,47.8,71.0,100.9
25.94144488479099,92.51243655701624,0,396.0,0.8116506175255778,1581.03,24.9,30.3,5.3,129.53153082005338,2011-07-20,6.6,200.3,356.3
24.845096282116792,94.40970998245032,0,504.0,1.804752834959894,1638.54,19.4,30.5,5.2,295.2168953202657,2014-06-28,0.8,43.699999999999996,135.10000000000002
23.7239002228959,92.88190135692652,0,363.0,1.1355375809991832,2309.2,19.2,19.2,5.4,119.85997894618008,2013-07-12,1.4,26.0,47.6
29.236169767617348,94.64956792508056,0,3722.0,3.1794850070707743,1426.17,12.2,47.2,6.4,43.34330126538612,2009-08-20,77.2,180.9,245.5
23.42663932874872,93.14259386990412,0,704.0,1.9174405646539507,2309.2,25.2,20.4,5.4,13.250251663693405,2011-06-21,8.5,18.9,42.7
26.59095451588681,92.48782415858014,0,57.0,0.0501158532895552,1511.53,18.9,21.2,5.7,18.61294328197124,2016-12-15,0.0,0.0,0.0
25.20907437126329,93.30339591106642,0,846.0,0.8004740362455481,2378.52,26.2,34.5,5.2,305.0045421748242,2013-08-04,3.9,12.6,45.39999999999999
27.18137001898618,92.18124643771276,0,2725.0,1.095236031641454,2106.32,24.5,22.0,5.5,44.14310092206063,2016-04-21,19.3,55.7,80.7
27.133925244538595,94.62058816978512,0,93.0,0.0130412463956348,2147.0,22.1,46.9,5.1,262.9812899549904,2017-04-29,,,
22.90881736828557,92.49472407727936,0,138.0,1.24555982542768,3572.77,20.9,32.3,5.5,287.70268763292773,2017-06-30,2.7,8.5,24.0
26.721507261021124,90.57394360168072,0,120.0,0.0774625108755627,2288.55,23.2,43.1,5.2,358.1562911814141,2011-09-18,38.4,198.9,222.20000000000002
26.916750692631204,93.94604210900908,0,78.0,0.0302489750651736,2144.9,16.6,41.4,5.6,5.469571911913761,2017-04-04,,,
27.883205531299204,96.9960676418916,0,2847.0,1.6603183079743002,1738.12,16.9,40.1,5.4,314.4948894553972,2008-05-19,32.0,43.1,57.1
24.752045047172253,92.312350151672,0,26.0,0.0704673406398463,4112.49,22.5,50.5,5.1,179.0585480134788,2017-07-12,19.9,89.30000000000001,128.1
25.881526432107613,90.88391104744696,0,213.0,0.8727409849284744,2553.3,26.2,40.9,5.1,205.9355818362569,2011-03-22,0.0,11.0,48.0
27.261358772617065,93.63208690797588,0,1388.0,6.981351641555768,2493.57,23.0,29.5,5.1,8.965960276215355,2010-08-24,11.3,53.89999999999999,142.7
27.879718454203832,95.07886917877332,0,249.0,1.7249623313082585,3201.17,21.5,48.7,4.8,22.40824437390802,2015-01-01,0.0,0.0,0.0
25.903026962992392,90.76381297706936,0,72.0,0.4023796928809693,2553.3,19.9,39.6,5.2,188.0485123900695,2008-10-29,0.0,66.80000000000001,72.80000000000001
26.986703476322084,93.56544744682722,0,208.0,0.9810518804781484,2144.9,17.3,41.0,5.0,50.79559018297255,2016-05-19,2.3,109.7,249.00000000000003
26.98047194231357,95.48362692773284,0,929.0,2.0825057784145944,2256.79,23.3,45.5,5.0,201.42459936895565,2015-08-12,12.6,51.8,125.6
28.9887943062322,95.99785942751626,0,3356.0,4.925596486042051,1324.93,13.7,43.1,5.4,329.27891775833587,2017-07-03,12.4,30.8,96.8
26.26551928783428,90.58871596721612,0,41.0,0.0134722737389066,2288.55,22.3,45.0,5.2,1.9828136940432728,2008-10-28,0.2,71.6,71.6
27.83579000522429,92.81260008950582,0,2929.0,4.239899639746805,1571.42,13.4,44.2,5.6,34.52557409530766,2012-12-10,21.7,72.4,94.3
27.6547988359746,92.42689481111282,0,4624.0,4.61096238795066,1545.05,15.1,47.8,7.0,14.645884822015375,2012-09-16,28.1,65.1,168.2
26.86908168517305,92.30888373545824,0,144.0,1.872840041931479,1809.85,23.6,34.3,5.4,42.569151610683264,2017-07-10,28.6,92.2,234.2
25.20056502511645,93.03992168578938,0,594.0,0.2205345264534731,2378.52,24.3,31.3,5.1,165.7179008193532,2018-09-15,5.8,9.7,19.8
27.110723510039698,95.39573441378188,0,240.0,1.125424407929606,2256.79,23.2,47.2,4.8,212.1908126406317,2010-10-09,29.2,64.6,99.0
24.146810940541904,92.19656625101064,0,90.0,0.2947759584485769,3196.52,21.6,33.6,5.3,197.24912370996483,2017-07-09,2.0,4.9,86.3
23.26762714838573,92.4472886171982,0,359.0,1.606585605270208,3346.34,21.8,35.4,5.2,285.1978855127048,2014-10-01,1.6,2.0,10.6
27.288147425400066,96.13304637996978,0,333.0,1.18193244474506,2429.35,18.7,47.7,5.0,233.6901834255002,2007-09-16,28.5,53.6,92.9
27.988802724706225,96.11354389111828,0,265.0,1.71797409120858,2821.43,19.8,41.2,5.2,341.0786921245831,2010-10-09,26.6,36.2,41.7
29.18354023761417,96.10117936160307,0,4433.0,2.537717566832099,1324.93,13.0,47.3,6.4,10.910007791142393,2008-10-29,0.0,39.9,55.099999999999994
24.561784151347176,92.40598167069052,0,25.0,0.1355299246373502,3754.34,21.8,42.7,5.5,184.34556251651372,2010-07-06,4.1,17.799999999999997,78.60000000000001
23.063553441622226,93.2055811927365,0,705.0,0.6159529676849309,2371.42,23.5,30.8,5.4,353.6805568846155,2008-05-19,4.3,12.7,55.49999999999999
24.82712593216377,93.4810428249315,0,451.0,3.022891621033715,1726.3,24.0,27.2,5.2,34.741982883668584,2010-07-06,13.0,33.8,104.7
22.532111571738845,93.0194161489018,0,1567.0,1.3213672448676543,2849.63,27.4,32.1,5.4,286.7305191190361,2015-08-19,13.5,41.0,71.1
29.10050340228449,95.72654451020438,0,2936.0,2.799111327597922,1599.42,12.0,46.8,5.1,2.4509542304641627,2017-04-04,,,
28.260714172673723,95.45740147023608,0,1850.0,3.1424789034116296,2922.3,23.1,38.1,5.1,50.11503397608891,2014-10-01,3.0,7.0,167.0
26.63850133490663,92.37672324220436,0,73.0,0.1146507864773782,1511.53,19.5,33.1,5.5,16.348009761036906,2010-09-13,7.5,14.6,61.99999999999999
25.983826914990864,94.96788692792111,0,1131.0,0.8608497038653313,2168.8,20.9,27.9,5.3,18.55395531634548,2015-09-14,1.2,20.7,48.60000000000001
22.51123031112028,93.11338423265128,0,771.0,1.9614131761059816,2849.63,21.6,34.1,5.4,291.53143866170143,2008-10-28,0.5,22.5,57.3
23.757149144091123,92.38694629121616,0,154.0,0.0423878596605466,3196.52,20.8,31.8,5.3,80.73236482733148,2008-10-29,0.6,6.799999999999999,94.49999999999999
28.912614590724367,95.97495022384552,0,1752.0,3.17639638345825,1324.93,13.1,52.5,5.5,306.0150628446361,2017-06-17,15.1,42.9,139.3
27.164379240752066,92.51245447307512,0,2530.0,2.7188892204922994,1809.85,23.7,30.3,5.5,57.12014994461151,2017-06-03,10.5,46.4,123.7
26.231065318004845,94.72163903375198,0,1501.0,1.2783894856485576,2168.8,20.7,34.2,5.2,200.90171025104752,2011-07-05,39.9,82.19999999999999,176.3
29.08036418868509,94.4337067929147,0,2932.0,5.391646642140454,1426.17,11.1,46.7,5.8,61.14019324486134,2017-06-04,1.5,47.5,137.39999999999998
25.67683664302856,92.564998820677,0,735.0,0.7901926276418669,3098.6,24.2,35.5,5.2,131.03234575883863,2010-08-19,11.6,35.2,92.0
27.297384906080275,95.74000006680248,0,150.0,0.6229342620208227,2616.07,22.0,46.8,5.3,164.8322137090928,2017-02-15,0.0,0.0,0.7
26.545071224326968,93.48867763628668,0,179.0,0.9275217853029084,1742.2,18.7,39.1,5.1,187.8890753515814,2016-04-19,53.0,117.3,249.7
25.89600933132092,92.86656774580106,0,73.0,0.6244184254877075,1366.74,21.4,29.5,5.6,69.55464470507525,2008-08-28,94.4,154.3,208.8
23.839412473706663,91.82106115209226,0,117.0,0.1931665763695993,3137.68,21.1,33.9,5.3,142.1490474295302,2004-07-15,10.5,30.3,139.5
25.229508511411147,90.98439610127572,0,367.0,0.9806301859397454,5378.47,24.3,40.3,5.1,313.89126556954506,2013-06-08,5.4,33.7,48.49999999999999
24.578191334849382,92.5475949068007,0,51.0,0.1548973858227387,3754.34,21.0,41.8,5.1,179.7668051326193,2017-07-03,25.1,36.400000000000006,81.6
23.93485285617755,92.66003104630082,0,184.0,1.395172843574565,3196.52,18.2,30.8,5.3,280.0810380751024,2010-07-19,8.2,13.799999999999999,26.3
28.67413074084788,96.21918311874398,0,3132.0,3.2734901661315083,2334.29,21.6,34.5,5.3,302.9123020477881,2019-07-09,23.8,79.3,199.9
27.55414451128244,93.06796650986,0,1399.0,4.23710798967509,2020.56,25.7,25.7,5.2,303.5211707059899,2013-08-04,6.3,30.9,131.5
26.93918731208792,95.3557030340946,0,556.0,2.161375079289773,2256.79,22.6,47.1,5.0,212.4632911587508,2010-09-13,31.0,69.1,113.5
24.018200367757466,93.68414888014306,0,1385.0,0.4956603130513774,1551.86,24.5,25.5,5.2,208.42428413456872,2017-07-09,2.6,46.00000000000001,87.0
22.957744565330167,93.14008515293418,0,385.0,0.3660177765967192,2371.42,21.2,32.8,5.4,23.152555548460786,2016-05-18,3.9,5.6,13.7
28.939082507456824,96.07911864849164,0,2683.0,5.5056722080387,1324.93,13.0,45.7,5.5,313.27312523833183,2007-09-13,6.6,35.3,157.29999999999998
27.06204023487947,93.94086232545104,0,89.0,0.1650993687839635,2144.9,20.7,47.2,5.4,43.1442517072561,2008-08-07,6.1,23.6,97.4
26.5158195368357,90.41695968670668,0,59.0,0.0816393986759811,2288.55,20.0,43.1,5.2,358.8454709633863,2014-06-26,13.6,30.6,226.1
24.742988926781628,94.08934176272388,0,958.0,0.0628006837133237,1500.0,23.4,32.9,5.3,17.865459466584866,2014-09-22,0.5,8.7,44.900000000000006
28.91843734150563,95.46198920837529,0,2234.0,1.1949665366653086,1599.42,16.8,43.0,5.4,56.296141493053085,2007-09-10,48.4,124.6,289.5
25.89370273075369,92.06360230446616,0,675.0,0.9773455104833436,2184.25,23.3,39.9,5.2,197.29712612057568,2007-07-19,34.6,114.1,199.1
27.893496008923456,95.39446645281676,0,127.0,1.115085754566691,3238.81,0.0,0.0,5.4,29.83175825514224,2010-10-09,24.5,34.7,52.099999999999994
27.76355873188458,93.26055629703492,0,2013.0,1.947921363095185,1571.42,21.5,27.1,5.2,135.15227999074284,2008-06-15,19.7,215.3,252.9
27.694875049560245,96.42692759314198,0,1340.0,4.396529700452716,2429.35,24.4,32.8,5.0,258.76742349174447,2009-10-05,9.4,27.8,34.9
25.95431781173891,93.0351076832595,0,89.0,0.1316066809161734,1366.74,20.1,32.3,5.7,229.2043258829163,2011-07-06,2.8,9.1,38.3
26.51728537102246,92.20795240451494,0,56.0,0.0774447219428012,1511.53,21.3,34.8,5.4,12.501471789957748,2004-10-09,4.0,169.6,281.4
22.863475854309662,92.9383254091035,0,908.0,0.1260293920738657,2371.42,21.2,34.1,5.3,306.9306738231354,2015-08-21,9.3,49.400000000000006,86.69999999999999
23.387451539639265,92.62360284284316,0,529.0,1.486639803025502,3346.34,20.9,32.1,5.2,237.5825682018378,2012-06-07,4.3,8.3,117.0
27.51636611942728,92.7887608340541,0,1502.0,2.815514329352101,1545.05,18.8,20.5,5.2,55.66948953484041,2015-09-14,93.7,228.0,392.4
23.819552995847523,91.73893875311413,0,114.0,0.182633561997259,3137.68,19.1,34.6,5.3,231.4956701637215,2016-07-26,1.9,21.1,53.2
28.26963891586832,94.49589709202482,0,2054.0,3.3715771417677853,2293.41,18.6,32.0,5.2,26.80655499319846,2014-09-23,7.8,65.5,113.3
28.155896782080056,96.45041264628192,0,2867.0,1.7496671183544417,2821.43,18.4,29.0,5.4,86.59930996563725,2009-10-06,6.5,24.8,28.7
27.18466448940449,93.15776326689635,0,1817.0,1.5443310681181088,1968.73,27.0,21.9,5.1,318.4651216545487,2015-06-09,116.0,240.60000000000002,412.2
28.104265485508087,97.23885612942492,0,4417.0,5.527370780625119,1321.77,10.8,46.8,6.2,333.5422506316991,2014-08-15,34.6,95.6,145.5
26.458479430957333,90.5822696334662,0,50.0,0.0853659010250662,2288.55,23.5,45.0,5.3,354.23577422792283,2017-07-09,36.1,89.5,246.1
27.39325646140201,92.51140751316116,0,1530.0,2.148154728367567,1545.05,24.9,20.7,5.3,17.139540901032092,2016-07-28,52.7,93.2,235.7
25.530150734154425,93.04514973559336,0,182.0,0.1690422844366398,1795.44,24.6,28.0,5.2,238.60076692881813,2011-07-29,7.3,9.6,25.500000000000004
24.475831771607623,92.28806506564186,0,56.0,0.1046790973027707,3754.34,22.5,41.8,5.1,257.31192811214703,2011-07-19,16.0,60.1,99.79999999999998
29.096269966076285,94.9387319516047,0,1090.0,3.816044614864638,1639.34,21.2,42.8,5.2,356.44106238116893,2015-07-15,12.6,117.4,146.29999999999998
24.67419265478421,94.34698960530702,0,856.0,0.8246816602208961,1500.0,21.4,37.4,5.2,242.2517809308437,2018-05-20,2.1,26.0,47.6
24.443860757693976,92.65196229324336,0,70.0,0.3548482495472219,3754.34,21.8,42.2,5.2,229.6314578582682,2007-09-16,8.0,38.2,74.2
28.645490435598568,96.36218697451946,0,2952.0,3.7440499679992936,2334.29,10.6,49.7,5.4,295.775709958863,2017-04-06,,,
23.942547135658263,92.47145489317548,0,356.0,0.8146124621897672,3196.52,23.3,37.0,5.1,324.2148796326863,2016-10-12,8.6,20.700000000000003,76.99999999999999
28.181143017281435,95.95150187245824,0,1814.0,3.0564958974435394,2821.43,15.8,40.0,5.4,344.32529931806715,2017-08-26,31.1,63.8,92.70000000000002
25.530211680030938,93.9532730340687,0,1801.0,2.4365338521964546,1583.85,26.2,22.1,5.2,312.4192258003708,2004-07-29,26.3,49.6,126.1
26.778093433771623,95.14949660523855,0,905.0,1.7289467979163198,2230.09,19.8,41.4,5.1,172.30407993223832,2017-07-18,0.0,0.6,22.0
27.19154625161156,95.95996486285102,0,472.0,0.7050560020770127,2218.59,23.3,40.9,5.0,178.70342295169473,2018-05-10,7.9,47.9,135.8
27.759397044984688,92.35781139945377,0,4931.0,4.568607670260439,978.85,0.0,0.0,7.0,24.28386244421461,2006-06-12,12.4,30.5,52.5
27.469008848854266,88.64466496257327,0,2399.0,4.0327533689879065,2262.61,13.4,39.2,5.2,243.465603081339,2012-07-26,37.7,199.4,381.7
27.356941822260133,88.60302997714737,0,1541.0,19.37822503629248,2262.61,20.7,35.7,5.2,279.3561750474637,2015-08-11,12.6,65.5,232.8
28.38415495887218,94.95806049003974,0,998.0,0.8092951656721512,2737.7,19.0,47.2,5.0,295.05815708278897,2015-06-16,20.5,56.8,104.4
27.75908962872188,96.67204111516988,0,3266.0,3.299939459420196,1738.12,22.3,33.2,5.4,221.68740769175625,2010-04-02,42.8,141.10000000000002,274.9
27.75756504568124,94.3781636099433,0,550.0,0.173283562654197,2843.87,20.4,45.4,5.0,78.85729629476504,2007-09-10,12.9,46.6,394.9
27.69201206593473,94.96432814164606,0,109.0,0.2946895820714941,2644.41,21.5,47.1,5.4,32.141607975205034,2005-05-10,27.7,27.7,49.0
25.735433868692645,93.66867443255975,0,202.0,1.0127568337239077,1583.85,18.3,38.8,5.5,200.8225162201777,2017-06-21,4.3,28.6,93.2
28.895240210952373,95.5509699743192,0,2849.0,1.3308053334778691,1599.42,25.7,29.2,5.2,38.2202347144285,2010-04-17,12.9,14.7,82.5
27.665009689071177,96.4754404852163,0,1950.0,4.350312638118711,2429.35,22.1,34.0,5.4,258.9802064606104,2017-09-29,12.0,27.2,37.0
27.22571680433905,94.27087132322364,0,87.0,0.0530624688450949,2147.0,22.4,42.8,5.6,346.52638306714204,2015-02-19,0.1,0.2,3.4000000000000004
26.115698311136605,90.92130290435423,0,40.0,0.5702531619592467,2553.3,22.1,33.1,5.6,256.1265286856783,2017-09-30,13.2,132.9,147.7
23.78239776292795,91.33427928612336,0,48.0,0.1534811766111121,3201.5,21.4,26.4,5.2,278.43585995748793,2010-08-26,2.5,21.8,48.1
28.226551711418274,95.46120390335872,0,1088.0,3.028188996128719,3238.81,21.1,40.1,5.1,56.59453896694316,2014-08-14,86.0,302.7,410.5
28.50576760663491,94.05175244673237,0,2940.0,1.823594287292288,1687.79,19.1,39.6,5.2,344.98465178531484,2008-05-20,32.9,54.7,96.9
25.260989155191645,94.12281207986254,0,1297.0,3.695232402714409,1764.05,25.2,25.1,5.3,246.1984569075485,2015-09-23,2.5,12.9,33.5
27.32266663676933,93.9406793853278,0,636.0,1.6944740357778112,2493.57,21.4,49.0,4.8,60.38226794165155,2015-09-23,41.1,83.30000000000001,160.4
28.09936584985333,96.14963466951568,0,957.0,3.894958249917868,2821.43,18.7,45.8,5.2,356.3240986751995,2017-06-30,148.1,197.5,287.2
25.883591862708023,93.34084634092748,0,293.0,0.204270444708128,1366.74,27.7,31.1,5.1,241.55319140721176,2007-07-27,44.9,154.0,203.5
27.73647164720748,95.29646942027247,0,118.0,0.2775180185630259,2644.41,21.3,43.5,5.4,50.95545335268139,2009-07-09,20.3,37.400000000000006,74.6
28.23113145186543,94.27614896254758,0,1867.0,3.2334242102758024,2843.87,18.2,36.4,5.4,345.02739117315497,2013-09-08,13.3,82.1,359.40000000000003
26.72762549098274,90.52717885840732,0,113.0,0.084763394410988,2288.55,22.9,44.1,5.4,356.1447976858168,2018-05-18,8.5,9.3,14.4
25.90068568754432,90.8132472064436,0,89.0,0.851386520449654,2553.3,19.8,39.6,5.4,201.5707740954023,2016-07-28,9.3,33.6,87.39999999999999
28.09178364815553,94.87722977364214,0,920.0,1.90738578486474,3201.17,18.6,47.4,5.0,202.9730749162188,2016-08-25,6.7,25.9,49.8
26.64603126801881,92.4469638910542,0,71.0,0.0957269855119788,1511.53,19.0,28.7,5.6,12.427647404150491,2016-07-07,2.6,18.6,151.99999999999997
28.84066793739222,94.66241869999511,0,1168.0,2.266004654039262,1426.17,21.2,43.3,5.2,106.87415076942727,2004-10-08,28.8,65.0,322.3
25.62001928042823,91.36518691101809,0,1405.0,1.2171267662567056,4394.63,26.1,36.2,5.1,194.08889239655008,2013-08-11,19.7,41.5,169.4
23.988913448336938,92.46696265219217,0,194.0,0.8945014947942025,3196.52,23.0,38.3,5.2,338.8858862376786,2012-06-02,39.3,138.5,167.10000000000002
27.02411646327632,94.52436583491382,0,88.0,0.0236283816404849,2147.0,23.5,44.7,5.3,210.15792485238828,2011-07-19,22.9,93.7,245.2
26.72680154591192,94.75912914186144,0,629.0,0.5987363393146821,2228.43,22.6,47.4,5.0,185.405626485841,2015-09-14,7.2,20.7,61.10000000000001
27.487781260127896,96.19661740784184,0,236.0,1.0290255340983965,2429.35,20.4,43.6,5.2,255.22004245308216,2004-07-15,10.3,19.9,169.90000000000003
29.17490974776849,96.13098813204212,0,3525.0,2.424596466743335,1324.93,13.1,48.8,6.0,352.68499991665766,2017-07-09,8.6,66.1,143.20000000000002
23.08862512907175,91.35872190609572,0,9.0,0.1365352366917624,4021.23,24.2,29.8,5.2,295.4395891566894,2016-07-28,13.2,23.8,71.7
28.031961910401986,96.79280653845272,0,2685.0,0.3580062973378078,1738.12,13.7,39.4,5.6,329.85549100781355,2010-11-22,0.0,12.1,36.9
26.42783056227952,92.9859358924771,0,179.0,0.9014567965394036,1549.55,20.0,30.1,5.2,214.67091959657768,2012-09-16,10.3,87.8,174.8
26.213292056481272,91.50245114957406,0,45.0,0.1303964014071203,2283.52,19.0,28.6,5.6,252.56826852446,2015-08-19,13.7,30.1,74.2
24.567071231394017,92.70783674042164,0,44.0,0.1691560696314211,3754.34,20.7,43.5,5.1,221.4730012078377,2008-09-28,16.4,71.3,123.1
26.699829523946555,92.63150954201367,0,72.0,0.0573240374121796,1511.53,20.3,28.6,5.5,10.418215350140429,2016-05-19,4.5,105.7,302.6
26.26655929228152,94.32006220934332,0,851.0,0.3676823968467778,1950.62,24.7,30.7,5.0,69.63524344667223,1956-01-01,0.7,2.6,2.6
28.35524391851839,94.28285865902292,0,3102.0,2.3530925057603653,2293.41,18.8,32.9,5.5,350.8763908733344,2010-09-13,13.9,44.5,205.8
27.8161161198668,96.7087049598712,0,3497.0,3.289317190925689,1738.12,14.5,36.5,5.6,187.0744062902872,2015-07-22,25.2,66.6,85.1
26.73689876481425,94.57759490789616,0,118.0,1.0834266315772625,1950.62,20.3,42.1,4.8,223.87058914228777,2012-09-19,6.0,33.1,88.1
28.33466638825528,95.896548606351,0,1315.0,3.193051293170907,2922.3,19.3,42.2,5.3,242.0453003709186,2007-05-23,39.9,59.3,84.19999999999999
24.86590611315236,93.07410266309408,0,27.0,0.1893333306107424,2378.52,24.7,37.2,5.4,203.5031004743101,2016-07-20,8.2,19.4,71.5
27.6958615090171,88.35148528014011,0,4669.0,4.2350766707957215,2211.65,0.0,0.0,6.9,38.487202536135214,2004-07-15,7.8,12.9,67.0
28.97312579943982,95.90715784816226,0,3474.0,3.78349732156114,1599.42,13.8,45.1,6.1,7.151917177705343,2018-09-14,17.7,125.9,237.8
27.19111326385663,94.12271174724336,0,90.0,0.048363511361275,2147.0,23.7,52.8,5.2,27.019817289381592,2016-09-17,5.8,14.0,23.200000000000003
26.55260433766849,92.64091440472971,0,58.0,0.0684831686207661,1511.53,17.5,27.5,5.7,11.111230753458528,2010-09-13,20.5,35.2,104.9
26.260286990536063,92.1071915535359,0,52.0,0.4234769509455368,1894.54,16.5,25.3,5.5,171.713467767814,2010-07-06,25.0,58.6,200.79999999999998
25.594326406423114,90.75184916770316,0,371.0,0.4408150912862051,3510.61,22.8,40.5,5.1,305.5274302106017,2010-06-09,30.6,66.4,239.9
25.33022368673742,93.11254617113327,0,272.0,0.8321513472948342,1795.44,26.1,25.4,5.3,176.1750488855704,2010-06-15,11.6,37.2,82.69999999999999
27.98477704317224,96.49461930622502,0,2651.0,1.8697230724720983,2821.43,22.8,36.3,5.2,68.08557543909762,2015-08-27,20.6,44.400000000000006,115.60000000000002
28.99947464555576,95.41888287973202,0,2711.0,2.768044100366848,1599.42,15.6,43.9,5.2,28.46882343255913,2018-06-05,1.8,13.6,24.5
27.771485669677524,94.85948189280636,0,258.0,1.8355789200339403,3201.17,22.8,48.5,4.8,24.748154777560785,2011-07-07,24.9,57.0,118.9
28.325723638685453,95.38567838893326,0,2317.0,2.6932757258842326,2922.3,18.9,38.6,5.2,54.25287914779733,2004-10-09,47.3,100.6,271.20000000000005
24.759150362010462,92.48843571686812,0,11.0,0.0701840259061063,4112.49,23.6,49.6,5.4,158.02050661159342,2013-08-30,6.6,24.5,77.19999999999999
28.61525468889719,95.5042742960728,0,1953.0,1.6203543621915557,2922.3,13.4,44.4,5.2,49.195109284787975,2017-06-03,143.0,261.2,497.3
25.91967948777353,92.16831221609768,0,754.0,0.9272000882993832,2184.25,21.6,41.3,5.3,212.36246981655944,2010-04-01,0.3,12.4,27.8
27.75290367845744,95.10550539815752,0,117.0,0.2518558191528919,3201.17,21.1,46.3,5.3,38.93124241389228,2007-07-30,20.3,67.89999999999999,208.4
23.085577648702746,93.15907741760095,0,836.0,0.6236572789383436,2371.42,23.7,23.6,5.4,2.037151454565219,2008-08-19,8.4,25.8,62.8
27.364557355486404,92.07438260684572,0,3283.0,0.2093226902546777,1471.46,24.2,24.8,5.1,163.22399118092187,2010-08-06,27.2,66.10000000000001,162.89999999999998
23.677638125456205,93.07198462834768,0,683.0,0.5754291270350049,2309.2,26.4,16.3,5.4,329.64079336484,2017-06-03,4.2,14.8,184.4
23.97267898902688,93.1104429111094,0,823.0,1.3344817567426308,2367.18,27.8,19.2,5.4,271.07173515623043,2004-09-02,4.5,14.3,35.6
25.742269842162862,91.90677697035326,0,868.0,1.889405294871376,4413.27,24.2,42.9,4.9,142.45048411077028,2019-07-09,14.4,53.9,155.4
26.133175368565624,91.83209950380794,0,66.0,0.9762403534142184,2184.25,0.0,0.0,5.4,246.2290229027738,2010-08-21,2.4,74.80000000000001,131.5
27.200935197033665,97.044149093948,0,1683.0,2.081419047821941,2037.72,27.4,28.0,5.0,350.460593491189,2011-08-23,26.2,80.2,156.0
27.61738391537676,93.27734512183608,0,2588.0,0.7491824665809382,2020.56,27.1,30.1,5.1,74.19443003906758,2013-08-04,11.3,37.8,99.9
23.21062460038888,91.6754066190521,0,64.0,0.0916138984454584,4034.99,21.4,33.1,5.3,305.87118565415,2015-08-27,1.6,7.4,22.600000000000005
24.07199929687548,92.89510376867555,0,782.0,1.1364910074251604,2367.18,27.7,19.4,5.2,176.85589772412436,2015-06-16,8.8,29.0,107.3
26.352793972032096,94.55706708881924,0,1401.0,4.244602166225392,1950.62,21.0,30.7,5.3,353.0755419132746,2017-06-03,30.1,66.9,179.29999999999998
24.42721114457826,92.79017638810402,0,80.0,0.8739834771595434,3754.34,20.5,32.6,5.3,244.02589357647489,2010-09-13,8.4,26.5,67.8
27.20222280232391,95.83264272536704,0,397.0,0.8876765935854275,2256.79,20.0,45.0,5.0,178.47426395912896,2017-07-03,17.2,104.0,187.0
25.76329642510149,94.7643917357,0,1236.0,0.1767413100948506,2168.8,19.9,29.2,5.2,153.15780966339025,2015-05-24,2.2,3.9,10.3
23.51667516978068,91.79327329446048,0,117.0,0.2101465259798916,3471.71,22.7,33.0,5.3,284.0633154510453,2017-05-03,,,
25.18332574482634,91.74997765252633,0,64.0,3.277969890965276,5503.35,23.7,45.6,5.4,352.4146749140301,2017-07-09,29.4,82.30000000000001,434.7000000000001
25.83684904539609,94.17378877942704,0,1246.0,1.5862195570941988,1893.89,26.9,26.1,5.1,229.9172038509652,2013-09-07,6.1,25.300000000000004,89.9
26.53562318021913,92.00809177335717,0,66.0,0.0306046664843067,1894.54,19.2,30.9,5.2,355.3193367235683,2016-12-15,0.0,0.0,0.0
24.79992379276201,94.2431724334215,0,805.0,0.3046123588854299,1638.54,21.7,32.3,5.2,5.271957077442892,2016-12-15,0.0,0.0,0.0
28.228564052257163,93.15476536415336,0,2949.0,2.633735955786769,1571.42,15.1,48.0,5.6,71.33263674111424,2017-07-09,6.6,86.4,193.9
23.696928723122205,92.37605187370806,0,450.0,0.0763665791714189,3346.34,23.3,35.5,5.1,311.3356974654695,2017-06-20,27.8,60.1,86.1
25.43576538545856,91.76828609779344,0,1737.0,5.070662287557245,4413.27,27.4,30.1,5.0,335.95048903405745,2011-07-25,11.4,34.0,187.3
24.32087324541954,92.68284251719344,0,93.0,1.14266534825515,3754.34,22.5,37.8,5.2,180.8637912776645,2010-07-06,2.4,15.9,51.49999999999999
25.28198687564919,93.05413912794909,0,388.0,1.212982578606748,1795.44,27.5,26.3,5.1,149.76216637451648,2013-08-09,12.4,27.700000000000003,94.3
27.957647071569745,93.34673600172768,0,3050.0,1.3222642829433515,1571.42,17.8,39.7,5.2,11.428853836717906,2017-07-11,1.5,52.6,171.5
24.308172149087248,93.69477191154098,0,813.0,0.845414179424262,1769.55,23.4,31.2,5.5,179.385999701772,2015-05-24,0.3,1.6,26.1
25.53449454096313,92.99295731272407,0,122.0,0.1535058760546721,1795.44,22.4,30.5,5.3,229.8965754348916,2010-07-29,16.0,39.1,71.19999999999999
27.89968425010202,95.02170663869887,0,310.0,1.8930411455250733,3201.17,21.0,46.8,5.0,23.019491603608003,2013-10-13,0.0,0.0,3.8
26.368699743667182,89.93347279577122,0,52.0,0.0334494680415236,2606.71,21.3,43.0,5.4,9.262288239752875,2016-08-15,3.9,26.1,75.5
27.42134001195073,96.42104542971217,0,849.0,1.6554070315933185,2429.35,23.3,45.1,5.0,306.3462650301707,2013-05-11,5.8,16.6,35.7
25.66093506435147,93.93585063288472,0,1719.0,2.3189441949410745,1583.85,26.6,23.5,5.1,258.62052476396985,2010-04-20,32.8,73.1,86.5
24.82365206369102,92.8010170323175,0,30.0,0.1008882314023647,4112.49,0.0,0.0,5.3,76.31785006548193,2007-09-07,50.3,107.19999999999999,156.8
24.319283207830345,92.15852713375958,0,32.0,0.0911329623798121,4309.17,18.1,35.9,5.3,193.4789606497159,2015-06-16,3.6,20.700000000000003,149.10000000000002
26.28461785975987,94.45030429168308,0,930.0,2.118265837126732,1950.62,22.4,36.9,5.2,91.92416727559451,2011-09-06,24.5,45.2,74.6
26.086048848863108,92.08431547471112,0,199.0,1.392517268167462,2184.25,23.0,31.3,5.5,172.05199939639954,2015-07-15,18.2,36.599999999999994,80.1
27.680302496760923,95.72302545305436,0,133.0,0.3008097007890015,2616.07,17.3,43.8,5.3,257.0727122589157,2006-06-13,14.2,119.7,168.6
25.82056275049694,93.89434599834024,0,565.0,2.0544163975300043,1566.78,28.3,29.6,5.1,221.7498476339064,2015-09-05,4.8,58.0,146.20000000000002
25.8363204914176,90.53306268464704,0,83.0,0.4301215461525616,2553.3,21.0,43.1,5.1,159.5409796724291,2011-08-18,0.6,75.69999999999999,106.6
25.409740871221523,94.43144670265973,0,1447.0,0.5255736341986591,1764.05,22.8,28.0,5.3,128.36139997629277,2015-08-27,4.8,13.0,61.49999999999999
25.72028412279688,93.34652516194116,0,203.0,0.1308657105561012,1795.44,24.7,29.5,5.3,159.13166426274586,2011-07-29,2.0,4.4,32.099999999999994
27.772248271805488,91.64916402092828,0,4582.0,5.163144239128275,780.77,11.4,55.6,7.1,346.9479921560184,2010-07-19,38.6,86.5,123.70000000000002
27.31194813582099,93.5734259233412,0,1781.0,5.480762105233483,2493.57,24.5,26.9,5.1,307.61462022976696,2016-07-19,35.1,76.0,170.1
24.374319101284776,92.0469812573286,0,59.0,0.1445596785143519,4309.17,19.9,39.9,5.1,216.6354339334238,2014-08-15,16.4,27.5,30.8
27.7955011574333,93.61719738810834,0,1521.0,0.9250911846867896,2327.06,24.7,26.1,5.1,129.9729790589197,2016-07-19,51.3,102.3,222.6
28.234865598708986,96.77012653374535,0,2596.0,4.377554032866101,1738.12,11.8,43.8,5.4,323.1991652364414,2008-06-14,20.1,42.5,84.80000000000001
28.03366197601691,96.39737044199384,0,2079.0,1.958250070226553,2821.43,15.9,42.9,5.2,40.918143300689735,2017-07-03,18.8,105.7,241.4
28.032921224725293,93.2633816070268,0,2839.0,3.888789422128085,1571.42,19.5,40.5,5.4,303.88274852562535,2017-07-09,37.8,184.5,314.90000000000003
27.9652859006598,96.5813643341106,0,2075.0,4.205694704705817,1738.12,15.7,43.1,5.2,169.70392072428933,2005-08-01,11.4,31.6,84.10000000000001
28.864153815186164,96.3341413963764,0,3704.0,1.7665687011922575,1324.93,11.6,47.7,5.9,286.2838885872875,2013-08-04,7.5,29.1,79.4
25.68194877570045,93.34328177311644,0,273.0,0.3566171956264338,1795.44,23.5,28.1,5.2,248.90556635887305,2007-07-19,20.4,24.4,43.5
25.82126469864064,91.03733222143303,0,357.0,1.296638338930669,2283.52,22.4,39.0,5.1,192.01835319491173,2014-05-08,21.9,60.7,146.79999999999998
27.61951124516974,91.61198625076028,0,2715.0,5.615856638636993,1471.46,24.4,29.7,5.2,346.7595741463253,2010-07-06,12.5,41.8,112.50000000000001
22.45853279598426,92.80993196863643,0,403.0,1.963516486806791,3897.5,22.3,36.9,5.3,289.54302758939303,2018-05-20,11.0,29.1,37.900000000000006
22.702235449423533,92.6193698810288,0,140.0,1.3446318627168652,3897.5,19.5,35.3,5.4,288.7454680398433,2007-09-11,4.8,27.1,123.9
27.74980144366372,92.80602146100838,0,2180.0,3.926974913337214,1545.05,20.0,34.5,5.2,38.09723188717015,2010-10-09,43.5,97.4,390.99999999999994
28.149865077614173,94.2564556966676,0,2289.0,3.726316351904877,2843.87,22.3,31.0,5.2,327.4268059032172,2018-09-14,134.0,277.2,711.3
27.056297201943245,92.10511637792204,0,1961.0,2.8504111703914043,2106.32,30.9,18.5,5.0,29.95175500609776,2014-10-05,3.4,9.4,32.1
27.95350444103456,96.6769183598611,0,703.0,1.8393645701665104,1738.12,17.9,48.8,5.2,226.5037864423894,2017-04-29,,,
25.682968045106698,91.01576589718198,0,822.0,1.3662582462040038,4394.63,21.8,40.4,4.9,215.4852246704264,2014-06-26,22.8,34.4,216.0
26.35898119020886,93.7237643078249,0,461.0,0.8136808432352601,1742.2,26.5,29.8,5.2,132.0724883837251,2010-04-21,146.3,429.9,559.5
28.221937540593764,94.64606933765144,0,320.0,2.4463600650411976,2843.87,19.0,48.8,5.0,50.90915609083112,2015-08-19,54.7,129.60000000000002,238.7
27.54352961439248,93.32180467246062,0,3397.0,1.0296978893973845,2020.56,16.5,42.7,5.4,322.8560942161507,2016-07-11,15.8,45.400000000000006,92.9
23.609159976345914,92.54703110629244,0,403.0,1.263990057838975,3346.34,19.4,29.3,5.2,287.3809408802962,2010-08-27,9.5,22.200000000000003,37.1
24.08201293583067,93.91774003778345,0,1474.0,0.6603836242929174,1551.86,23.6,28.4,5.3,140.10710250210627,2007-09-08,4.4,54.199999999999996,133.6
27.833368157147937,92.61105702161016,0,4459.0,5.018516560487337,978.85,13.9,56.2,6.8,43.574785601269696,2017-06-20,6.5,27.4,68.9
29.346549082067305,96.06913102558096,0,5059.0,1.7901955603247306,906.84,0.0,0.0,6.4,359.2332504870131,2010-08-15,9.0,19.7,34.099999999999994
28.676583744086948,93.79535314598004,0,3733.0,1.7096426491766183,1687.79,13.7,44.4,6.0,1.483026498452773,2012-06-22,19.9,70.4,131.4
26.062929736065165,93.23274599525487,0,112.0,0.8806952995873948,1366.74,19.3,32.4,5.5,300.2972266281954,2011-06-20,0.2,5.5,76.3
26.758087036147337,94.4428051181754,0,101.0,0.611007042322237,2147.0,20.2,41.7,5.4,208.12725836511063,2007-04-20,10.0,12.3,23.1
24.022022994946504,94.02607245491144,0,702.0,2.152361281751109,1551.86,20.9,30.2,5.4,82.38670896727609,2005-08-01,3.6,9.8,38.900000000000006
26.940423944724422,94.09341333679268,0,82.0,0.0071989838267193,2147.0,22.7,43.2,5.5,259.5266100566179,2014-07-14,22.8,53.2,64.6
26.664855392667825,94.51761608645369,0,462.0,1.1435867228844547,1950.62,24.8,42.5,5.0,232.91673638636928,2017-07-03,28.4,64.9,142.1
26.617793616986383,93.40281479926968,0,72.0,0.4982366679876347,1549.55,17.9,34.4,5.2,202.90950721285435,2004-09-02,38.1,107.7,210.4
23.3844762230138,91.44590304830244,0,44.0,0.1095120452001216,3470.15,23.4,32.4,5.3,282.51000919044566,2010-10-09,0.3,74.10000000000001,109.9
23.609371579906984,92.77092842003704,0,409.0,1.3326057809311378,3346.34,21.9,22.8,5.4,74.91453168548588,2007-08-08,1.2,30.7,49.4
26.29597777005798,93.35431578952156,0,739.0,0.7889302806295618,1549.55,24.1,31.4,5.1,284.27600098907993,2017-06-30,61.6,84.4,115.4
25.252955880080485,93.79901469243302,0,1637.0,0.2580333934128296,1583.85,24.7,26.0,5.2,35.841104732347844,2012-11-11,0.0,0.0,60.49999999999999
27.969540116598782,94.83977392435123,0,1157.0,1.3612462906870375,3201.17,23.6,42.6,5.1,7.543583760309559,2011-08-12,7.8,22.1,54.3
26.36036997876653,91.52192118444086,0,47.0,0.0222441395954434,1961.69,19.9,33.7,5.3,306.1774224183934,2010-10-08,116.6,146.29999999999998,158.8
26.892535831155847,93.57682611208432,0,86.0,1.089426858105912,2144.9,19.4,42.2,5.4,15.057558288054167,2007-09-10,4.9,56.5,323.70000000000005
24.656818261807054,92.27303850455618,0,44.0,0.0808327842999597,3754.34,23.5,48.6,5.2,226.84483624612736,2011-07-22,22.3,85.7,162.9
26.23438770273757,95.0516514482986,0,1398.0,2.910385449418549,2168.8,17.0,28.0,5.2,230.29883776035743,2015-07-22,16.0,87.2,135.8
25.23879721790476,92.63968351732883,0,1273.0,1.3132079870761442,4112.49,27.0,35.6,4.8,9.577874405945124,2017-06-02,28.6,142.0,286.6
27.971467198151167,94.81193586168368,0,1192.0,1.0641661185508078,3201.17,19.5,43.3,5.1,21.67952428330858,2017-06-17,50.3,126.0,248.9
25.042213028716382,94.53904057248464,0,1473.0,1.8258382048238129,1638.54,21.0,24.6,5.3,88.30081910499257,2011-06-23,2.6,17.6,64.5
27.61299237759224,96.09566816672312,0,446.0,0.7496442069079782,2429.35,25.6,45.8,5.0,247.43867053495268,2010-08-14,5.2,23.3,37.0
28.50083794108105,94.64694902661292,0,557.0,2.367232621005903,2293.41,19.1,45.0,5.0,49.10335683951217,2010-08-14,7.6,30.800000000000004,53.8
25.71010062640635,92.9101876493095,0,134.0,0.620371038967559,1795.44,19.7,33.0,5.5,104.07482774149976,2014-06-27,3.3,32.3,112.1
23.405281120227507,93.37380788588852,0,978.0,0.658964491071391,2309.2,24.5,24.8,5.5,296.08653180202344,2011-06-17,1.6,20.3,45.9
26.457701567019903,94.35550154026154,0,313.0,3.176709994230301,1950.62,24.8,41.6,5.1,222.5783297271277,2012-06-07,0.8,4.9,124.2
26.654934904805977,92.72718997632828,0,68.0,0.0588887025961049,1511.53,18.5,30.7,5.4,5.445104174872995,2011-09-30,1.8,8.3,38.8
24.257865530434223,92.04518988004877,0,53.0,0.1245566879974467,4309.17,20.4,39.2,5.1,212.02089581482625,2016-07-10,0.6,12.6,65.69999999999999
29.29279685941183,96.19161425697884,0,4699.0,2.57258053021047,906.84,0.0,0.0,6.0,17.849559468320194,2016-07-11,4.7,14.5,45.5
27.86197911571597,88.63422694653221,0,5020.0,2.3548657434928004,1196.66,9.5,59.0,6.7,51.120311306203575,2016-07-19,9.2,18.3,44.39999999999999
25.89426187155156,93.757897159664,0,157.0,2.995259163079064,1566.78,18.7,28.1,5.4,214.2799643760021,2015-07-22,12.9,85.80000000000001,116.7
25.687738883718715,90.94775576684928,0,553.0,1.1941960521398125,4394.63,20.5,39.7,5.0,228.39357458454265,2014-08-14,129.9,149.3,201.2
28.37910778796948,95.71226674512454,0,595.0,2.415216640477737,2922.3,18.4,46.0,5.1,199.3896958625233,2012-06-13,37.0,83.0,96.4
27.90314745271224,97.32706971129866,0,3725.0,2.998141001443752,1321.77,0.0,0.0,6.2,293.9030622518369,2015-08-11,7.6,26.1,113.8
27.44343429760425,94.31786285292722,0,98.0,0.8196507928774764,2631.37,21.5,44.4,5.3,24.79113054697273,2017-07-18,0.0,2.5,41.3
25.98473677509795,91.75637893944784,0,315.0,1.228560192881122,2184.25,22.9,40.0,5.2,155.12561704308666,2015-07-31,52.8,53.699999999999996,60.4
25.986518858338663,92.07567980700006,0,476.0,1.281432030181996,2184.25,22.7,37.4,5.3,189.0458377629689,2018-09-14,61.7,85.30000000000001,110.4
26.76190598981505,93.06362940740016,0,69.0,0.0641903749464952,1968.73,19.4,38.2,5.4,334.10430109439574,2004-10-08,84.2,200.9,228.8
27.47134993803231,94.99537900147934,0,109.0,0.1732104857461212,2644.41,22.4,45.6,5.2,79.19011122454089,2016-12-15,0.0,0.0,0.0
23.351126521130944,92.96639804854364,0,1043.0,1.5168240036602996,2309.2,23.8,23.0,5.4,192.084850665249,2015-09-05,0.1,11.7,103.0
23.53501301876866,91.79207419126983,0,94.0,0.2085743002508955,3471.71,22.9,36.3,5.4,281.2497794405607,2016-05-01,14.3,15.1,27.4
27.50603079888119,95.16648185750748,0,111.0,0.0201420043406346,2644.41,16.7,49.9,5.3,24.47641232165472,2015-08-01,2.2,8.9,9.7
25.12805255928337,94.32383205148986,0,1826.0,1.2550389440343908,1638.54,29.1,25.4,5.2,331.2436424533668,2017-07-11,27.1,53.3,208.2
29.18115151614841,94.59239141042572,0,4613.0,3.2543994084927954,1426.17,0.0,0.0,6.4,76.22206334375608,2010-09-09,29.7,94.2,273.90000000000003
23.19613992891525,92.59148862193555,0,694.0,1.5251020270111952,3572.77,26.3,31.4,5.2,294.374497472379,2011-05-24,8.8,27.2,75.8
28.379555767087304,96.17992360353824,0,1503.0,2.0643085341873992,2334.29,12.1,51.8,5.4,300.11424206284704,2008-05-19,45.7,64.1,94.8
24.70872433936406,93.0127049562985,0,80.0,0.0814862808726474,2512.51,18.9,36.3,5.2,235.6744732016284,2010-09-16,5.9,30.200000000000003,77.0
27.40028704343853,96.13076135005358,0,206.0,0.9692715799321496,2429.35,15.7,50.0,4.8,257.4522519957484,2015-06-16,15.5,56.9,217.3
26.311522991956032,93.60854557482824,0,802.0,0.4293205067685104,1742.2,27.6,29.4,5.1,124.52424261503654,2018-07-30,8.2,23.3,56.400000000000006
23.95106465344282,94.09949943337276,0,728.0,2.7233297535891614,1191.2,20.3,32.9,5.4,75.67986079311919,2011-06-23,7.5,41.2,109.8
24.334715593804425,93.601267080192,0,853.0,0.338616892832014,1769.55,21.0,23.5,5.3,153.6376224052368,2018-05-18,3.2,7.9,28.4
24.002967743148623,93.5476972350224,0,956.0,0.8671481983395255,1551.86,27.2,21.5,5.3,182.93214503881785,2013-05-11,4.8,22.6,67.3
27.639782504305664,94.40767833763589,0,336.0,1.0032495911594277,2631.37,22.8,49.8,4.8,26.64594935280394,2016-07-14,31.8,69.4,95.0
24.31188404248405,93.36714067014124,0,981.0,0.6611253061738228,2512.51,23.2,21.7,5.3,191.9432919146854,2014-10-20,0.0,2.9000000000000004,17.000000000000004
27.67167646328314,95.62903202830822,0,127.0,0.0253519598274872,2616.07,17.8,43.7,5.1,248.27693055403387,2007-09-18,0.1,29.7,104.2
25.702412531420443,91.5018054115902,0,1098.0,1.554841900244787,4394.63,22.7,37.4,5.0,193.7090240608192,2009-07-09,33.1,84.4,142.9
22.31874929403748,92.90600545233562,0,332.0,1.7068932797263343,2849.63,24.2,36.6,5.4,277.7468538674248,2014-06-26,19.8,36.3,194.3
27.862485338906914,95.39552911378362,0,121.0,0.335626389058691,3238.81,0.0,0.0,5.4,354.7827295510323,2012-06-07,0.0,58.4,154.9
28.696427085700755,94.36146470273216,0,2914.0,2.011032508749824,2293.41,16.8,41.3,5.4,72.99747578569207,2016-04-22,6.5,17.5,31.1
26.631775574365086,93.82141630057605,0,81.0,0.7098983604023711,1742.2,19.8,40.1,5.4,134.63085221221098,2008-05-19,35.6,79.4,112.2
25.02947542129929,94.09590339725898,0,1407.0,2.2429520834003003,1638.54,29.3,28.6,5.2,335.3579582906883,2013-06-07,1.7,21.8,28.2
28.36088974550509,93.68044334863058,0,2567.0,2.2768331761058977,1687.79,25.5,29.6,5.1,26.06670318889303,2010-09-10,47.0,127.8,312.3
24.357231868236973,91.99458349796956,0,20.0,0.1153490728911649,4309.17,22.1,37.0,5.6,215.00438455469083,2017-07-14,27.5,68.9,99.9
26.0610890468302,92.37970251860102,0,597.0,1.0622169347874255,1581.03,24.7,38.0,5.2,167.00007330372546,2011-07-19,143.2,235.7,391.0
27.908829910342128,92.91515169901996,0,3825.0,2.856885786691268,1571.42,15.8,42.9,6.0,20.327112403035244,2015-02-19,6.7,9.2,15.1
26.158376255400302,92.82486443214091,0,612.0,0.0956077989551285,1366.74,24.1,29.3,5.4,283.4966440164932,2013-05-11,29.7,41.5,92.3
27.293741387573,93.53389169772832,0,1362.0,1.7963553183801533,2493.57,23.5,27.7,5.1,0.7831344190641403,2016-09-05,14.4,39.6,110.9
26.57904279455192,93.85390475727635,0,86.0,0.6344244577518384,1742.2,19.6,42.1,5.8,169.51870953029584,2010-10-09,40.0,124.10000000000001,159.4
25.524981821871314,91.5424675496108,0,1603.0,0.5248075381720675,4394.63,26.7,29.7,5.4,313.7939778751064,2010-08-20,37.4,114.70000000000002,227.1
26.74804671970292,93.06652995846858,0,69.0,0.063461887438036,1549.55,20.4,36.2,5.3,332.97231174067224,2017-07-10,25.3,111.2,227.9
27.355511501916887,94.12966876302218,0,108.0,0.8995441029602246,2631.37,23.4,51.6,5.0,54.76579229164531,2010-04-17,14.1,14.1,79.29999999999998
26.70489163071233,93.40078943914968,0,87.0,0.1255627947000304,1549.55,18.7,34.6,5.2,172.2586926174199,2012-09-14,18.3,107.99999999999999,144.20000000000002
25.81553092501596,89.93899904130248,0,28.0,0.4683449889894484,2710.28,25.4,29.9,5.6,240.0822889061094,2007-09-09,9.1,57.50000000000001,140.7
27.15408405598541,88.50592419642638,0,732.0,1.4125394840696368,3149.04,19.8,34.9,5.4,81.87921996172759,2010-04-18,2.0,3.1,5.2
28.31191451267346,93.1955943143178,0,3637.0,2.0439882213234486,1047.36,12.9,40.8,5.8,43.47989929425376,2010-09-16,11.7,42.2,128.8
26.78638023660941,94.13501405723515,0,87.0,0.0287777716366473,2147.0,20.8,47.6,5.4,229.6358773697068,2013-06-27,9.9,69.7,150.60000000000002
27.41788247660812,92.71924226158976,0,2290.0,2.513900807726419,1545.05,27.6,25.2,5.1,45.00826657166533,2010-10-09,41.9,98.0,459.3999999999999
26.662480620266088,91.35864522389474,0,76.0,0.1334310755473931,1961.69,19.7,39.2,5.2,9.921074874825765,2013-06-07,5.0,30.1,42.5
26.75189813645573,94.75502159765202,0,450.0,0.6143661115355122,2230.09,22.0,45.5,4.8,185.28744961921663,2012-06-14,9.3,16.200000000000003,35.599999999999994
24.52841762952305,93.14105795965811,0,495.0,1.1532679887629331,2512.51,25.4,20.5,5.2,237.28986256910912,2018-04-28,2.7,2.8000000000000003,7.3
24.48641726081926,92.7747416589734,0,130.0,0.2935758356577478,3754.34,19.7,34.9,5.2,167.77371277409088,2010-09-09,12.9,30.5,65.4
26.213952577280416,89.89072565459017,0,55.0,0.0230923475492091,2710.28,17.9,49.6,5.2,5.593016568651024,2004-10-08,122.2,395.3,525.7
28.724003443723383,94.50652086135004,0,3785.0,2.1127189352043394,2293.41,13.8,43.8,6.2,76.66627153448235,2014-10-20,0.0,5.4,123.6
26.926315473191984,93.28343105413488,0,135.0,0.2206954611992286,1968.73,18.2,35.2,5.0,346.6671129003096,2004-07-15,14.4,32.5,257.5
27.08871292080629,95.4658411176841,0,351.0,2.072972382766668,2256.79,23.2,46.2,4.9,201.045938340182,2008-05-19,48.0,76.2,114.0
27.49087066583485,93.6252251761022,0,1176.0,2.078411477027195,2493.57,22.1,25.7,5.2,96.3884118514806,2018-05-10,20.7,24.5,30.7
24.72159926032402,92.7000201578734,0,44.0,0.0428571122365477,3754.34,22.1,46.3,5.1,197.7776962064132,2015-07-25,13.7,78.3,194.1
28.19227425525224,95.94794518989792,0,1841.0,2.5390440653103186,2821.43,14.2,42.2,5.3,308.7719269002412,2013-09-02,16.0,28.8,73.4
27.90087730559452,94.60812094819887,0,1072.0,0.8330913123487794,2843.87,20.1,45.2,5.0,348.4642477963287,2007-07-30,60.4,135.9,326.0
26.08828586975431,93.01476383308248,0,77.0,0.6935976858532883,1366.74,19.9,29.0,5.6,25.625983870324603,2014-09-22,23.4,49.8,89.0
25.555917396010933,92.1546966134034,0,1240.0,1.554859630154774,4413.27,23.1,37.7,5.2,155.3134089130258,2016-04-19,14.7,68.5,124.6
28.431148832051868,94.50450522488777,0,2689.0,3.4342029513793086,2293.41,26.3,27.0,5.2,56.49233839121405,2005-08-24,86.4,175.6,308.79999999999995
26.08216077048868,94.36875684459788,0,726.0,3.738971522188241,1893.89,24.1,25.0,5.3,131.65846382375776,2017-06-12,11.4,36.7,59.4
26.15553565789716,92.05832891650724,0,53.0,0.3341725313379938,2184.25,18.8,33.8,5.6,184.16245216879744,2010-08-20,20.9,77.0,155.9
28.062462290034496,93.04227171863008,0,3607.0,2.435737320659404,1571.42,14.0,45.4,6.0,60.50943965460789,2010-08-27,34.4,90.9,304.2
28.81707691069108,94.61289435863668,0,2379.0,2.86599561817194,1426.17,24.7,29.3,5.2,78.74234105830453,2011-09-06,12.3,18.8,44.7
26.324237724926824,91.3781923537638,0,44.0,0.0137750281504817,1961.69,19.5,36.1,5.5,301.02262082246745,2011-08-15,8.0,38.2,139.60000000000002
27.737882126653936,92.93637744366842,0,1621.0,2.9151822689430618,2020.56,19.8,28.2,5.1,15.812345004875796,2008-06-14,104.5,252.0,342.9
26.5926673480538,94.92454343698152,0,534.0,1.1801635364679277,2228.43,20.0,41.3,5.2,218.58392842259016,2015-08-01,11.3,54.8,75.2
24.07694617516838,92.845240689762,0,281.0,0.612566539829554,2367.18,20.3,26.6,5.3,177.18141154429225,2010-07-21,0.9,29.799999999999997,41.6
28.613601871290548,95.88408379017548,0,709.0,2.159213404572469,2922.3,18.0,48.8,5.1,285.6730086757469,2010-10-08,18.5,37.3,49.2
26.65613643767584,92.10670925056624,0,79.0,0.1355676606965733,1894.54,20.0,32.5,5.3,14.342228197048485,2015-06-16,19.1,43.9,186.39999999999998
25.71932804686825,89.96167343487278,0,32.0,0.804264563551777,2926.14,21.5,40.6,5.4,269.86578193854655,2007-09-08,15.7,99.7,141.4
24.85145324673166,93.5114907250705,0,395.0,2.94515466321589,1726.3,22.8,33.7,5.1,350.4729549243311,2017-08-26,142.5,156.8,201.9
28.6613208179896,94.16274656274518,0,3037.0,1.3585208545744245,2293.41,21.9,34.2,5.3,7.085162488848368,2011-06-23,6.3,25.1,57.7
26.12962514200502,93.18590929828954,0,130.0,0.9604528120211476,1366.74,19.5,32.1,5.4,338.0579309804337,2013-02-18,1.4,15.8,15.8
23.66128098584418,91.51175109305362,0,47.0,0.2254718108130877,3470.15,20.8,35.1,5.3,286.7732851841003,2008-10-28,0.0,81.1,243.79999999999998
26.743149607113345,92.66838611434198,0,75.0,0.0613670765939708,1511.53,19.5,30.7,5.6,5.299845390303176,2010-10-08,83.1,106.1,128.39999999999998
26.49176476070395,94.7888957119532,0,1009.0,0.9713630471622556,2228.43,21.6,38.3,5.2,180.5424389990427,2015-02-14,1.1,5.0,5.699999999999999
26.199293905248403,90.34634852995762,0,37.0,0.0344104789960338,2553.3,21.1,38.4,5.3,2.126718763915449,2016-07-28,14.4,34.0,122.3
27.78460122250524,96.84121210316246,0,3396.0,1.7907004156073394,1738.12,18.8,30.3,5.4,166.50080500723027,2011-07-06,24.3,72.3,130.70000000000002
27.98632525078905,96.8325613450742,0,2768.0,2.899204145309048,1738.12,16.5,35.2,5.3,174.17375482965156,2010-10-09,28.9,47.2,48.4
24.42615783341765,92.70609746063818,0,147.0,0.2490851149520125,3754.34,22.5,37.4,5.1,243.3016334194309,2006-06-12,16.0,99.5,135.0
28.33627738178096,95.86876414174348,0,2097.0,3.144416528767347,2922.3,14.6,38.4,5.3,237.97527949663944,2010-09-13,10.5,38.6,151.29999999999998
27.868846606870484,96.09363372190732,0,180.0,0.6673783789474242,2821.43,22.6,39.5,5.2,319.1450540575222,2008-06-14,12.3,38.5,65.89999999999999
27.782298607877244,94.0892987194422,0,1078.0,1.3043174100578836,2843.87,18.2,32.5,5.0,148.65690678282465,2017-07-12,1.0,33.4,144.1
28.610747310813515,96.21992232825968,0,3514.0,3.315043913906035,2334.29,20.2,34.0,5.2,315.8256342856923,2013-08-15,3.7,12.9,52.3
28.10487937661417,94.63346502067552,0,629.0,1.346464224755102,2843.87,20.7,53.0,5.0,92.47476721132006,2007-09-18,2.1,42.3,96.39999999999999
28.82987114160357,94.9740942279299,0,1646.0,2.1678616015738306,1639.34,11.7,50.1,5.4,243.01533004960496,2010-08-24,18.0,100.2,192.5
25.6112853103432,91.2518319850565,0,1284.0,1.3390922139819053,4394.63,28.2,36.9,5.0,199.7864810728105,2007-04-20,6.4,24.200000000000003,33.5
28.296983416435204,94.95691727608246,0,350.0,1.1144084316668863,2737.7,19.7,44.6,5.0,237.7736941976869,2013-10-06,23.9,50.8,51.2
23.40431808867701,92.81874829180848,0,721.0,0.962459694206991,2309.2,25.4,23.5,5.3,153.38857325334538,2011-08-18,2.6,18.200000000000003,47.49999999999999
26.4844796317834,94.99035552958728,0,1087.0,1.6783534309707293,2228.43,20.6,34.8,5.2,242.52017620546104,2016-06-22,9.6,44.00000000000001,127.9
26.841816362815173,93.8224012168752,0,72.0,0.0239696825315891,2144.9,0.0,0.0,5.5,47.44458896444422,2010-07-29,23.7,39.9,134.4
27.10426930368191,94.2859552458702,0,87.0,0.0268300658907673,2147.0,24.5,43.6,5.4,347.9515130777248,2007-09-16,10.9,29.799999999999997,56.9
28.061572483027668,94.8424163178254,0,715.0,1.745688086522022,3201.17,19.0,48.4,5.0,214.53882804582747,2014-06-26,32.9,44.8,154.9
27.548678910109707,95.87432214179536,0,151.0,0.2306497806001801,2616.07,23.0,41.0,5.2,281.48132920730967,2012-12-10,1.0,1.9,1.9
23.37594649080126,92.3852437750891,0,132.0,0.4298244638521874,3346.34,23.5,29.1,5.5,270.3722827851132,2010-08-12,4.8,31.000000000000004,52.4
23.307610480187044,92.96676306994983,0,1179.0,1.6088599159446368,2309.2,23.9,27.7,5.3,190.71692064176625,2008-08-07,5.6,40.3,98.9
27.19447815244086,94.25451652938474,0,89.0,0.0269169707230576,2147.0,22.5,39.6,5.4,346.4625670692964,2013-05-12,25.4,26.3,28.9
27.47284165250856,96.759996476655,0,2225.0,2.9731178426469587,1940.49,20.0,32.6,5.1,329.37976142589514,2016-07-28,7.7,19.9,217.6
26.184737070021605,92.25143447497688,0,54.0,1.1537807840385677,1581.03,21.0,31.5,5.7,208.6083360739065,2017-07-08,6.7,78.4,203.3
26.22704051967328,90.68181553797908,0,37.0,0.0053285230363053,2553.3,21.8,31.6,5.5,40.24837258614792,2008-08-14,7.7,30.6,210.4
28.70990842436232,95.85562825461128,0,1537.0,2.456599168751596,2922.3,17.1,45.6,5.3,27.23424587582236,2014-08-25,55.5,224.1,426.8
23.68460431658704,92.32878477832426,0,510.0,0.2034291341772439,3346.34,21.6,34.0,5.2,295.2207441066075,2007-08-26,5.1,24.4,44.2
22.62306273868217,92.70889220595411,0,255.0,1.9126449292048289,3897.5,21.6,35.2,5.4,298.5240096174283,2016-05-18,3.5,4.8,10.1
25.31778325765695,92.820648623217,0,1000.0,2.104659105610836,1795.44,24.2,35.7,5.2,12.969338424926718,2013-09-07,0.9,50.2,97.8
24.092441772871503,94.11236002659402,0,831.0,1.528231197934485,1191.2,19.0,30.5,5.2,50.89773157468085,2011-08-12,7.7,43.0,238.4
27.43403281501849,88.59637841788535,0,1694.0,6.8721202955958365,2262.61,15.8,44.3,5.2,278.14238827440533,2013-06-07,18.5,71.7,130.5
28.09840997325326,92.67840975929168,0,6018.0,5.967279128141284,978.85,0.0,0.0,6.8,40.68594133812974,2015-08-27,1.7,2.6,6.199999999999999
25.066971889701783,92.40056955500992,0,289.0,0.9418321086157944,4112.49,25.4,43.7,4.8,12.83788050824569,2007-04-20,4.4,8.8,10.5
23.960992241583945,91.6261742713119,0,33.0,0.1809658477216382,3137.68,21.3,32.3,5.4,284.79669867058067,2017-07-01,2.5,9.4,17.4
27.44310770219316,92.7611821373778,0,1196.0,1.6055924009700406,1545.05,19.8,23.1,5.2,75.53208995315072,2010-07-19,45.2,233.0,471.5
27.532491254001734,96.79612035869954,0,1563.0,1.4609633893637328,1940.49,22.5,34.4,5.2,335.0357891712362,2017-07-08,205.0,312.3,489.00000000000006
26.77721354870922,91.69911010684568,0,129.0,0.1182079705686874,2106.32,23.1,37.6,5.4,7.698741891508234,2004-10-09,4.6,178.5,304.30000000000007
25.563717760422414,94.08420473494434,0,2783.0,4.152222729835812,1764.05,24.8,31.7,5.2,269.49618153212083,2009-10-06,10.3,28.000000000000004,40.400000000000006
27.11219823404297,94.58835323440069,0,92.0,0.012877483983185,2147.0,22.7,43.5,5.2,261.74307628375567,2010-08-12,23.0,37.4,74.9
28.3248960660053,95.684198444207,0,650.0,2.8639892224748915,2922.3,22.5,39.9,5.2,199.0910525888838,2016-07-20,13.0,148.8,272.7
23.11323388221592,91.73687233143632,0,85.0,0.1448416465911222,4034.99,20.7,33.7,5.4,299.39635095690505,2004-10-09,1.0,46.7,90.8
23.359004868294285,92.55640023378268,0,305.0,1.1842682106668538,3346.34,21.5,31.6,5.3,251.7194902004402,2010-04-20,4.0,5.1,5.3
28.120587412525914,95.16943758441678,0,1038.0,0.3266739690643926,3201.17,21.3,46.4,5.0,311.0992334816441,2016-04-23,36.1,100.5,139.4
26.183934705787955,89.85879858694082,0,35.0,0.0315922098252552,2710.28,18.7,49.0,5.4,29.84739300387276,2015-07-22,29.4,86.80000000000001,110.1
26.92930864218628,93.46430593339156,0,118.0,0.9978761709039587,2144.9,18.8,38.7,4.9,3.701343579910258,2015-08-01,15.2,24.4,24.4
25.86173985065297,92.5707178884322,0,464.0,1.1157480488598863,1581.03,26.3,31.4,5.4,124.76357240380564,2015-08-01,12.4,80.80000000000001,101.7
24.468126815167487,93.72318213156449,0,807.0,0.2212999851083206,1769.55,30.4,28.2,5.4,206.11786671640863,2016-04-19,0.0,15.3,27.5
26.1057273284904,91.38353571200386,0,45.0,0.3169917494438288,2283.52,17.8,28.5,5.7,186.6081583633731,2010-07-21,11.5,63.8,88.60000000000001
26.60001842139075,92.25846309227674,0,74.0,0.1060061068088502,1511.53,17.9,32.8,5.5,9.686787174616825,2009-08-30,14.5,46.5,78.4
23.92524484519541,92.36111779536851,0,357.0,0.2089922791974582,3196.52,23.7,30.5,5.1,153.70920782445933,2011-09-30,5.8,11.3,14.5
28.104238481816104,94.9278807804986,0,1424.0,1.8470482432953743,3201.17,22.1,34.4,5.1,199.45531691783145,2015-08-26,9.0,19.6,166.89999999999998
26.17597114595747,93.31326317559368,0,600.0,0.9904618987988304,1366.74,27.6,24.9,5.2,342.0491399096547,2011-05-22,51.4,123.0,158.6
26.89629593202396,93.73326551657456,0,82.0,0.4168312214737423,2144.9,18.0,41.1,5.1,21.26300503578728,2004-07-15,15.5,23.9,246.0
25.67059340639824,92.78305914745876,0,270.0,1.0434351233521149,3098.6,21.4,32.4,5.2,109.64834737526483,2014-09-21,4.7,30.1,90.1
26.57591196331169,92.22323160515349,0,68.0,0.0844921916301332,1511.53,18.7,33.1,5.3,11.628841947506658,2014-09-22,62.6,159.0,200.5
27.67626722472985,88.36374384742354,0,4385.0,6.171936162628777,2211.65,14.6,53.1,6.9,32.86376925053315,2007-09-09,5.1,21.299999999999997,57.900000000000006
26.029334714256628,93.09110033137304,0,86.0,0.3116241762397643,1366.74,20.0,30.2,5.7,14.601849369158629,2017-07-06,17.8,60.2,182.9
23.101028517239,92.65580118943528,0,322.0,1.3101836431257603,3572.77,23.6,37.9,5.3,284.18480580688583,2015-09-05,0.2,10.6,120.7
27.61237408532161,94.57414179356826,0,211.0,1.1415027404981877,2631.37,21.7,44.8,4.8,32.0251931301068,2010-08-17,6.4,29.9,55.6
27.06175477344845,95.68392516573728,0,940.0,2.3522779382084846,2256.79,20.4,45.2,5.0,194.6940121433042,2015-06-16,21.1,60.4,178.2
28.26171689852365,93.19391367555885,0,2846.0,2.327517056058172,1047.36,14.1,46.7,5.8,45.23070331111052,2013-10-13,0.8,0.8,3.3
26.114525438795987,92.04777060736754,0,74.0,1.1149226997410224,2184.25,20.6,29.6,5.4,175.3984390226734,2014-09-08,13.8,45.7,114.8
22.277530527307384,92.82669776039263,0,196.0,1.6093133726620217,2849.63,20.2,35.9,5.4,280.4295710021379,2015-08-11,7.8,18.3,31.9
24.8263499610372,93.14693259662474,0,72.0,0.8144385820014318,2378.52,21.7,32.3,5.3,228.96073839911568,2008-10-28,0.0,40.8,67.5
26.099826311724435,92.57419469033428,0,68.0,0.4264310271020236,1581.03,22.3,28.3,5.5,167.55476934909018,2004-10-09,0.0,70.4,141.2
26.330113141087782,90.11786961929678,0,41.0,0.0349653062332213,2606.71,17.3,41.3,5.4,9.473047498192102,2017-06-03,13.2,71.10000000000001,96.90000000000002
26.23852881582949,94.28561386673547,0,440.0,2.1805620525502034,1893.89,26.0,27.2,5.1,179.48782961901543,2017-07-09,26.6,69.7,151.0
28.05848581477756,97.10425734719608,0,4310.0,4.588376583518946,1738.12,12.6,43.9,6.2,332.26358615609297,2016-07-19,9.2,29.8,75.8
23.97848315987587,91.54654574257908,0,66.0,0.1876431787170546,3201.5,21.0,34.2,5.3,272.2970833949379,2009-10-06,10.8,50.900000000000006,85.8
29.09151660702083,95.79325044746808,0,3675.0,2.727481502207921,1599.42,14.1,44.6,6.0,356.65109168292946,2007-04-20,16.3,16.5,18.5
28.227397564031484,93.26959158226067,0,3253.0,1.7199406756103848,1571.42,14.8,47.1,6.0,81.01192881760574,2012-06-26,45.2,115.4,240.9
26.993262113564235,92.48032596823302,0,563.0,5.374439245617536,1809.85,25.4,27.7,5.1,28.842217542026788,2007-09-09,35.2,91.2,500.4
28.66992756978896,94.71554499349222,0,1875.0,1.836256563539528,2737.7,15.1,35.9,5.3,74.32222581274698,2017-04-22,,,
28.0768991869034,97.09015976370452,0,4019.0,4.8713081100444455,1738.12,12.7,40.2,6.3,333.3784969936172,2006-02-14,0.1,0.1,0.1
24.090073236143542,92.07794929300562,0,107.0,0.1209255438786816,3137.68,20.3,34.9,5.2,208.642482556724,2004-10-08,14.4,48.8,81.5
23.55425911573437,91.90902681732078,0,148.0,0.1523896870520028,3471.71,23.5,34.4,5.5,266.16840555792515,2018-05-18,14.1,44.9,68.5
27.3287039032545,94.46601655383152,0,93.0,0.0166450297634699,2631.37,24.1,45.9,5.3,328.3765070415613,2016-07-10,14.2,61.400000000000006,89.9
25.552742764875312,93.34533186265556,0,317.0,0.4821392094015256,1795.44,28.3,24.9,5.2,240.7926188884881,2006-02-14,1.0,1.0,1.0
28.918237623224464,95.68215928391643,0,2780.0,2.569344097244306,1599.42,27.2,28.7,5.1,10.662105239996606,2013-05-07,1.7,15.3,163.5
26.04406750648962,94.36701942450192,0,455.0,6.902143122864543,1893.89,24.1,25.3,5.2,159.24246193463136,2016-07-28,1.2,12.7,117.5
25.485347832249253,90.17204187721345,0,100.0,1.8296617806641904,2926.14,20.8,39.6,5.3,309.7836792562764,2005-08-01,1.3,1.8,7.899999999999999
27.322478108951664,95.99961856037656,0,248.0,0.468391922667534,2429.35,20.9,47.4,4.8,205.1925883291982,2011-07-19,23.3,110.8,285.90000000000003
28.0780220738758,93.7552548590556,0,1735.0,1.9437985116563912,2327.06,19.4,24.1,5.2,41.68669250854504,2010-10-10,22.1,68.2,168.8
25.502556660675744,91.83674067074682,0,1827.0,0.9594626624590962,4413.27,26.8,32.9,5.4,140.2674560494255,2015-08-19,92.1,236.4,362.2000000000001
27.773538228354177,92.37456348902762,0,5178.0,4.24333024448933,978.85,0.0,0.0,7.0,22.876917412523422,2017-07-04,16.7,38.1,80.3
26.80316082074245,92.9115213707307,0,83.0,0.1080730342421885,1968.73,20.2,36.0,5.2,8.321139619394899,2016-07-19,21.8,72.0,123.3
26.019128945886955,94.21315049469828,0,629.0,2.407196456453787,1893.89,25.5,23.3,5.1,89.36244645701908,2010-04-21,5.0,67.6,90.3
23.09836871984757,93.1936284065109,0,998.0,2.192008198226008,2371.42,27.3,21.3,5.3,317.25426832795733,2008-05-19,4.3,12.7,55.49999999999999
23.59823794574698,92.74749666432118,0,542.0,1.2535475928075377,3346.34,23.5,27.3,5.3,1.2571068745232878,2011-07-22,10.1,52.6,165.1
24.031689536392413,93.96792796925072,0,1302.0,2.11442789809201,1551.86,18.9,29.5,5.4,81.49749170367153,2015-07-31,212.5,468.8,640.9
24.57983269083102,92.92888524830587,0,46.0,0.5267240186183774,2512.51,20.8,36.1,5.3,228.2205862875682,2016-08-25,5.4,8.7,32.5
24.028752563406805,91.852383206347,0,71.0,0.1509207514462988,3137.68,22.8,35.1,5.3,203.17729307110616,2017-07-01,3.9,16.2,31.5
26.671781227243308,94.02293030494664,0,88.0,0.0319740479348973,1742.2,21.6,44.0,5.2,224.43990204439265,2010-10-09,27.6,77.4,104.30000000000001
27.58411230890884,92.30814474119116,0,2987.0,4.205735740623847,1545.05,17.0,41.2,5.1,20.459905629176887,2018-09-15,3.7,53.8,131.7
23.90023958500351,91.4211881367144,0,47.0,0.0381359995368196,3201.5,23.3,32.2,5.4,308.1595788288222,2004-07-29,9.9,18.0,60.3
22.6107222230364,92.98127213433506,0,714.0,1.5315400886251695,2849.63,21.9,33.2,5.4,297.27096877582926,2015-02-14,0.0,0.0,0.0
22.48073303151508,93.08233496545878,0,1275.0,1.389570092382531,2849.63,27.4,32.2,5.3,302.7800204281721,2010-07-29,9.0,29.1,81.89999999999999
28.89071165332431,95.84621258665332,0,1830.0,4.807562645811266,1599.42,14.2,54.7,5.5,14.084520655667689,2010-04-20,16.0,52.2,114.7
26.637728657563905,92.456811988133,0,69.0,0.0898781216616593,1511.53,22.0,29.5,5.5,17.289344802472556,2010-06-03,44.7,82.4,99.7
26.02348904038725,92.38566185253332,0,616.0,0.9748118115565636,1581.03,24.8,36.1,5.3,166.60639115739036,2014-09-22,35.5,146.4,182.7
23.06762719423164,92.4855071744034,0,134.0,1.0081490049231272,3572.77,20.8,32.5,5.4,274.7478487583592,2008-06-14,3.1,10.9,58.30000000000001
23.68499145030517,92.87967630409324,0,441.0,1.6026286675123609,2309.2,17.0,16.3,5.3,213.6788603551352,2009-08-20,6.7,22.3,52.8
27.09391382552277,92.97461716534602,0,580.0,1.4822797085206945,1968.73,21.5,31.7,5.2,273.4070976187062,2010-08-14,9.0,36.0,52.2
23.896737584602185,91.980371990541,0,97.0,0.0799260471095398,3137.68,19.8,35.0,5.3,170.35678192717955,2015-02-19,3.3,3.3,6.4
27.30801590410794,93.81954520229836,0,973.0,3.567142172778045,2493.57,23.2,39.8,5.1,31.415687400724263,2016-07-07,4.9,14.4,80.8
26.42172499814444,90.23812353010229,0,53.0,0.0419366417749128,2606.71,17.1,47.0,5.4,4.395051538709595,2006-02-14,0.3,0.3,0.3
23.85649249758736,91.52805456004116,0,104.0,0.0483365861026047,3201.5,21.0,35.9,5.3,267.46888236186294,2011-06-23,3.1,8.4,43.6
28.423007830887578,95.3893078849142,0,1518.0,4.138456172399707,2922.3,19.0,35.0,5.2,66.32960809893967,2011-08-12,3.7,10.9,35.0
28.216074415015008,94.88534103764924,0,444.0,1.1243160843288955,3201.17,19.3,49.3,5.0,226.4202274270859,2013-08-11,5.8,27.3,173.5
28.77607642600801,95.83486924946656,0,1729.0,3.198123203085215,1599.42,12.4,43.4,5.4,21.152096874961785,2012-07-21,23.2,62.0,260.0
27.36987461800475,96.78911007855484,0,1387.0,2.313042939653101,1940.49,24.1,31.0,5.2,329.06830288120807,2011-06-20,8.6,21.8,101.9
25.71982881313142,90.0902274651772,0,151.0,1.2007591569283236,2926.14,21.4,41.4,5.1,281.7111397239406,2011-09-18,33.7,99.5,131.60000000000002
28.860068424109024,95.72662212379645,0,2736.0,3.538776494065336,1599.42,30.2,29.7,5.2,4.034178182497158,2007-04-11,20.6,63.50000000000001,203.2
